DateTime;steps
06/25/22 00:00:00;0
06/25/22 00:01:00;0
06/25/22 00:02:00;0
06/25/22 00:03:00;49
06/25/22 00:04:00;2
06/25/22 00:05:00;19
06/25/22 00:06:00;69
06/25/22 00:07:00;95
06/25/22 00:08:00;106
06/25/22 00:09:00;101
06/25/22 00:10:00;107
06/25/22 00:11:00;104
06/25/22 00:12:00;110
06/25/22 00:13:00;102
06/25/22 00:14:00;98
06/25/22 00:15:00;107
06/25/22 00:16:00;96
06/25/22 00:17:00;96
06/25/22 00:18:00;100
06/25/22 00:19:00;103
06/25/22 00:20:00;105
06/25/22 00:21:00;103
06/25/22 00:22:00;101
06/25/22 00:23:00;103
06/25/22 00:24:00;101
06/25/22 00:25:00;104
06/25/22 00:26:00;98
06/25/22 00:27:00;100
06/25/22 00:28:00;104
06/25/22 00:29:00;100
06/25/22 00:30:00;104
06/25/22 00:31:00;97
06/25/22 00:32:00;97
06/25/22 00:33:00;102
06/25/22 00:34:00;94
06/25/22 00:35:00;104
06/25/22 00:36:00;99
06/25/22 00:37:00;101
06/25/22 00:38:00;101
06/25/22 00:39:00;95
06/25/22 00:40:00;88
06/25/22 00:41:00;83
06/25/22 00:42:00;79
06/25/22 00:43:00;89
06/25/22 00:44:00;88
06/25/22 00:45:00;94
06/25/22 00:46:00;80
06/25/22 00:47:00;78
06/25/22 00:48:00;94
06/25/22 00:49:00;91
06/25/22 00:50:00;96
06/25/22 00:51:00;87
06/25/22 00:52:00;98
06/25/22 00:53:00;93
06/25/22 00:54:00;93
06/25/22 00:55:00;88
06/25/22 00:56:00;89
06/25/22 00:57:00;49
06/25/22 00:58:00;17
06/25/22 00:59:00;15
06/25/22 01:00:00;52
06/25/22 01:01:00;38
06/25/22 01:02:00;26
06/25/22 01:03:00;0
06/25/22 01:04:00;21
06/25/22 01:05:00;16
06/25/22 01:06:00;30
06/25/22 01:07:00;9
06/25/22 01:08:00;0
06/25/22 01:09:00;0
06/25/22 01:10:00;0
06/25/22 01:11:00;0
06/25/22 01:12:00;0
06/25/22 01:13:00;15
06/25/22 01:14:00;42
06/25/22 01:15:00;51
06/25/22 01:16:00;0
06/25/22 01:17:00;25
06/25/22 01:18:00;11
06/25/22 01:19:00;31
06/25/22 01:20:00;0
06/25/22 01:21:00;57
06/25/22 01:22:00;13
06/25/22 01:23:00;34
06/25/22 01:24:00;0
06/25/22 01:25:00;5
06/25/22 01:26:00;0
06/25/22 01:27:00;0
06/25/22 01:28:00;11
06/25/22 01:29:00;9
06/25/22 01:30:00;0
06/25/22 01:31:00;0
06/25/22 01:32:00;0
06/25/22 01:33:00;0
06/25/22 01:35:00;0
06/25/22 01:36:00;0
06/25/22 01:37:00;0
06/25/22 01:38:00;43
06/25/22 01:39:00;70
06/25/22 01:40:00;51
06/25/22 01:41:00;24
06/25/22 01:42:00;0
06/25/22 01:43:00;0
06/25/22 01:44:00;0
06/25/22 01:45:00;0
06/25/22 01:46:00;0
06/25/22 01:47:00;11
06/25/22 01:48:00;0
06/25/22 01:49:00;0
06/25/22 01:50:00;0
06/25/22 01:51:00;0
06/25/22 01:52:00;0
06/25/22 01:53:00;0
06/25/22 01:54:00;0
06/25/22 01:55:00;7
06/25/22 01:56:00;0
06/25/22 01:57:00;19
06/25/22 01:58:00;2
06/25/22 01:59:00;17
06/25/22 02:00:00;6
06/25/22 02:01:00;0
06/25/22 02:02:00;0
06/25/22 02:03:00;0
06/25/22 02:04:00;0
06/25/22 02:05:00;0
06/25/22 02:06:00;0
06/25/22 02:07:00;0
06/25/22 02:08:00;0
06/25/22 02:09:00;0
06/25/22 02:10:00;0
06/25/22 02:11:00;0
06/25/22 02:12:00;0
06/25/22 02:13:00;0
06/25/22 02:14:00;0
06/25/22 02:15:00;0
06/25/22 02:16:00;0
06/25/22 02:17:00;0
06/25/22 02:19:00;0
06/25/22 02:20:00;0
06/25/22 02:21:00;0
06/25/22 02:22:00;0
06/25/22 02:23:00;0
06/25/22 02:25:00;0
06/25/22 02:26:00;0
06/25/22 02:29:00;6
06/25/22 02:30:00;12
06/25/22 02:31:00;0
06/25/22 02:32:00;5
06/25/22 02:34:00;6
06/25/22 02:35:00;0
06/25/22 02:38:00;5
06/25/22 02:39:00;0
06/25/22 02:40:00;9
06/25/22 02:41:00;5
06/25/22 02:42:00;7
06/25/22 02:43:00;0
06/25/22 02:44:00;0
06/25/22 02:45:00;0
06/25/22 02:46:00;0
06/25/22 02:47:00;0
06/25/22 02:48:00;0
06/25/22 02:49:00;8
06/25/22 02:50:00;0
06/25/22 02:51:00;0
06/25/22 02:52:00;0
06/25/22 02:54:00;16
06/25/22 02:55:00;0
06/25/22 02:56:00;34
06/25/22 02:57:00;27
06/25/22 02:58:00;12
06/25/22 02:59:00;0
06/25/22 03:00:00;4
06/25/22 03:01:00;16
06/25/22 03:02:00;0
06/25/22 03:03:00;0
06/25/22 03:04:00;0
06/25/22 03:08:00;0
06/25/22 03:09:00;0
06/25/22 03:10:00;4
06/25/22 03:11:00;0
06/25/22 03:12:00;0
06/25/22 03:15:00;10
06/25/22 03:16:00;0
06/25/22 03:17:00;0
06/25/22 03:18:00;0
06/25/22 03:19:00;0
06/25/22 03:20:00;0
06/25/22 03:21:00;0
06/25/22 03:22:00;0
06/25/22 03:23:00;0
06/25/22 03:24:00;0
06/25/22 03:25:00;7
06/25/22 03:26:00;0
06/25/22 03:27:00;0
06/25/22 03:28:00;23
06/25/22 03:29:00;0
06/25/22 03:30:00;0
06/25/22 03:32:00;0
06/25/22 03:33:00;0
06/25/22 03:35:00;0
06/25/22 03:36:00;0
06/25/22 03:38:00;0
06/25/22 03:40:00;0
06/25/22 03:43:00;0
06/25/22 03:44:00;0
06/25/22 03:45:00;4
06/25/22 03:46:00;5
06/25/22 03:47:00;7
06/25/22 03:48:00;0
06/25/22 03:49:00;0
06/25/22 03:50:00;0
06/25/22 03:51:00;0
06/25/22 03:52:00;0
06/25/22 03:53:00;4
06/25/22 03:55:00;0
06/25/22 03:56:00;0
06/25/22 03:57:00;0
06/25/22 03:58:00;14
06/25/22 03:59:00;0
06/25/22 04:00:00;0
06/25/22 04:04:00;0
06/25/22 04:05:00;0
06/25/22 04:08:00;0
06/25/22 04:09:00;0
06/25/22 04:12:00;0
06/25/22 04:13:00;0
06/25/22 04:14:00;44
06/25/22 04:15:00;16
06/25/22 04:16:00;16
06/25/22 04:21:00;0
06/25/22 04:22:00;9
06/25/22 04:24:00;0
06/25/22 04:25:00;0
06/25/22 04:26:00;0
06/25/22 04:29:00;0
06/25/22 04:32:00;0
06/25/22 04:35:00;0
06/25/22 04:36:00;13
06/25/22 04:37:00;0
06/25/22 04:38:00;0
06/25/22 04:39:00;7
06/25/22 04:40:00;0
06/25/22 04:41:00;6
06/25/22 04:42:00;35
06/25/22 04:43:00;24
06/25/22 04:44:00;7
06/25/22 04:45:00;9
06/25/22 04:46:00;0
06/25/22 04:47:00;0
06/25/22 04:49:00;0
06/25/22 04:50:00;7
06/25/22 04:51:00;9
06/25/22 04:52:00;0
06/25/22 04:53:00;0
06/25/22 04:54:00;0
06/25/22 04:55:00;0
06/25/22 04:56:00;15
06/25/22 04:57:00;0
06/25/22 04:59:00;10
06/25/22 05:00:00;0
06/25/22 05:01:00;0
06/25/22 05:02:00;0
06/25/22 05:03:00;0
06/25/22 05:08:00;0
06/25/22 05:11:00;0
06/25/22 05:12:00;0
06/25/22 05:13:00;14
06/25/22 05:14:00;0
06/25/22 05:15:00;5
06/25/22 05:17:00;4
06/25/22 05:18:00;41
06/25/22 05:19:00;0
06/25/22 05:20:00;28
06/25/22 05:21:00;18
06/25/22 05:22:00;1
06/25/22 05:25:00;0
06/25/22 05:26:00;4
06/25/22 05:30:00;0
06/25/22 05:31:00;0
06/25/22 05:32:00;0
06/25/22 05:34:00;0
06/25/22 05:46:00;0
06/25/22 05:47:00;6
06/25/22 05:49:00;0
06/25/22 05:50:00;0
06/25/22 05:51:00;0
06/25/22 05:52:00;41
06/25/22 05:53:00;23
06/25/22 05:57:00;0
06/25/22 05:58:00;19
06/25/22 05:59:00;27
06/25/22 06:00:00;19
06/25/22 06:02:00;7
06/25/22 06:03:00;38
06/25/22 06:04:00;56
06/25/22 06:05:00;6
06/25/22 06:06:00;0
06/25/22 06:07:00;0
06/25/22 06:08:00;0
06/25/22 06:09:00;0
06/25/22 06:10:00;15
06/25/22 06:11:00;0
06/25/22 06:12:00;11
06/25/22 06:13:00;20
06/25/22 06:14:00;0
06/25/22 06:15:00;0
06/25/22 06:16:00;4
06/25/22 06:17:00;11
06/25/22 06:21:00;0
06/25/22 06:22:00;0
06/25/22 06:24:00;0
06/25/22 06:25:00;0
06/25/22 06:27:00;0
06/25/22 06:28:00;0
06/25/22 06:29:00;12
06/25/22 06:33:00;10
06/25/22 06:34:00;0
06/25/22 06:35:00;0
06/25/22 06:37:00;11
06/25/22 06:41:00;9
06/25/22 06:51:00;0
06/25/22 06:54:00;0
06/25/22 06:55:00;0
06/25/22 06:57:00;0
06/25/22 07:02:00;17
06/25/22 07:06:00;0
06/25/22 07:08:00;4
06/25/22 07:09:00;0
06/25/22 07:10:00;9
06/25/22 07:11:00;5
06/25/22 07:12:00;0
06/25/22 07:13:00;0
06/25/22 07:15:00;21
06/25/22 07:16:00;18
06/25/22 07:17:00;17
06/25/22 07:18:00;0
06/25/22 07:19:00;0
06/25/22 07:20:00;9
06/25/22 07:25:00;0
06/25/22 07:28:00;0
06/25/22 07:30:00;0
06/25/22 07:33:00;0
06/25/22 07:38:00;0
06/25/22 07:43:00;0
06/25/22 07:46:00;0
06/25/22 07:49:00;0
06/25/22 07:51:00;0
06/25/22 08:23:00;0
06/25/22 08:41:00;0
06/25/22 08:45:00;0
06/25/22 08:46:00;0
06/25/22 08:47:00;0
06/25/22 08:48:00;0
06/25/22 08:49:00;0
06/25/22 08:50:00;0
06/25/22 08:55:00;0
06/25/22 08:56:00;0
06/25/22 08:57:00;0
06/25/22 08:58:00;6
06/25/22 08:59:00;0
06/25/22 09:00:00;15
06/25/22 09:01:00;0
06/25/22 09:02:00;25
06/25/22 09:03:00;21
06/25/22 09:04:00;18
06/25/22 09:29:00;0
06/25/22 09:33:00;0
06/25/22 09:34:00;0
06/25/22 09:35:00;0
06/25/22 09:36:00;0
06/25/22 09:37:00;0
06/25/22 09:38:00;0
06/25/22 09:39:00;0
06/25/22 09:40:00;0
06/25/22 09:41:00;0
06/25/22 09:42:00;0
06/25/22 09:43:00;0
06/25/22 09:44:00;0
06/25/22 09:45:00;0
06/25/22 09:46:00;0
06/25/22 09:47:00;0
06/25/22 09:48:00;0
06/25/22 09:49:00;0
06/25/22 09:50:00;0
06/25/22 09:51:00;0
06/25/22 09:52:00;0
06/25/22 09:53:00;13
06/25/22 09:54:00;0
06/25/22 09:55:00;0
06/25/22 09:56:00;0
06/25/22 09:57:00;0
06/25/22 09:59:00;0
06/25/22 10:01:00;0
06/25/22 10:02:00;0
06/25/22 10:07:00;4
06/25/22 10:08:00;0
06/25/22 10:13:00;9
06/25/22 10:14:00;39
06/25/22 10:15:00;24
06/25/22 10:16:00;18
06/25/22 10:17:00;6
06/25/22 10:18:00;48
06/25/22 10:19:00;48
06/25/22 10:20:00;44
06/25/22 10:21:00;44
06/25/22 10:22:00;42
06/25/22 10:23:00;29
06/25/22 10:24:00;10
06/25/22 10:25:00;20
06/25/22 10:26:00;41
06/25/22 10:27:00;23
06/25/22 10:28:00;28
06/25/22 10:29:00;18
06/25/22 10:30:00;15
06/25/22 10:31:00;31
06/25/22 10:32:00;14
06/25/22 10:33:00;67
06/25/22 10:34:00;30
06/25/22 10:35:00;19
06/25/22 10:36:00;12
06/25/22 10:37:00;0
06/25/22 10:38:00;30
06/25/22 10:39:00;38
06/25/22 10:40:00;26
06/25/22 10:41:00;6
06/25/22 10:42:00;6
06/25/22 10:43:00;12
06/25/22 10:44:00;16
06/25/22 10:45:00;6
06/25/22 10:46:00;0
06/25/22 10:47:00;34
06/25/22 10:48:00;12
06/25/22 10:49:00;1
06/25/22 10:50:00;0
06/25/22 10:51:00;0
06/25/22 10:52:00;0
06/25/22 10:53:00;0
06/25/22 10:54:00;0
06/25/22 10:55:00;0
06/25/22 10:56:00;0
06/25/22 10:57:00;0
06/25/22 10:58:00;24
06/25/22 10:59:00;0
06/25/22 11:00:00;0
06/25/22 11:34:00;0
06/25/22 11:35:00;0
06/25/22 11:36:00;7
06/25/22 11:38:00;0
06/25/22 11:39:00;0
06/25/22 11:40:00;10
06/25/22 11:41:00;14
06/25/22 11:42:00;0
06/25/22 11:43:00;0
06/25/22 11:44:00;14
06/25/22 11:45:00;0
06/25/22 11:46:00;0
06/25/22 11:47:00;9
06/25/22 11:48:00;22
06/25/22 11:49:00;12
06/25/22 11:51:00;11
06/25/22 11:52:00;0
06/25/22 11:53:00;36
06/25/22 11:54:00;0
06/25/22 11:55:00;9
06/25/22 11:56:00;19
06/25/22 11:57:00;0
06/25/22 11:58:00;0
06/25/22 11:59:00;0
06/25/22 12:00:00;0
06/25/22 12:03:00;0
06/25/22 12:04:00;0
06/25/22 12:05:00;0
06/25/22 12:08:00;0
06/25/22 12:09:00;16
06/25/22 12:10:00;7
06/25/22 12:11:00;0
06/25/22 12:12:00;8
06/25/22 12:13:00;0
06/25/22 12:14:00;0
06/25/22 12:15:00;18
06/25/22 12:16:00;9
06/25/22 12:17:00;11
06/25/22 12:19:00;0
06/25/22 12:26:00;0
06/25/22 12:27:00;32
06/25/22 12:28:00;9
06/25/22 12:29:00;0
06/25/22 12:35:00;0
06/25/22 12:42:00;0
06/25/22 12:43:00;0
06/25/22 12:46:00;0
06/25/22 12:47:00;0
06/25/22 12:48:00;0
06/25/22 12:51:00;0
06/25/22 12:52:00;0
06/25/22 12:53:00;0
06/25/22 12:54:00;0
06/25/22 12:59:00;0
06/25/22 13:01:00;0
06/25/22 13:03:00;0
06/25/22 13:05:00;0
06/25/22 13:06:00;10
06/25/22 13:10:00;0
06/25/22 13:15:00;0
06/25/22 13:16:00;0
06/25/22 13:17:00;9
06/25/22 13:18:00;3
06/25/22 13:19:00;26
06/25/22 13:20:00;0
06/25/22 13:21:00;17
06/25/22 13:22:00;18
06/25/22 13:38:00;16
06/25/22 13:40:00;0
06/25/22 13:48:00;0
06/25/22 13:51:00;0
06/25/22 13:53:00;0
06/25/22 13:54:00;4
06/25/22 13:55:00;0
06/25/22 13:56:00;0
06/25/22 13:57:00;0
06/25/22 13:58:00;0
06/25/22 13:59:00;6
06/25/22 14:02:00;0
06/25/22 14:03:00;8
06/25/22 14:06:00;0
06/25/22 14:09:00;0
06/25/22 14:10:00;0
06/25/22 14:11:00;0
06/25/22 14:12:00;0
06/25/22 14:14:00;0
06/25/22 14:15:00;7
06/25/22 14:16:00;0
06/25/22 14:18:00;0
06/25/22 14:19:00;0
06/25/22 14:20:00;0
06/25/22 14:23:00;0
06/25/22 14:26:00;0
06/25/22 14:27:00;0
06/25/22 14:54:00;0
06/25/22 14:59:00;0
06/25/22 15:00:00;0
06/25/22 15:03:00;0
06/25/22 15:08:00;6
06/25/22 15:09:00;0
06/25/22 15:12:00;0
06/25/22 15:14:00;0
06/25/22 15:17:00;0
06/25/22 15:18:00;0
06/25/22 15:19:00;5
06/25/22 15:20:00;25
06/25/22 15:21:00;36
06/25/22 15:28:00;24
06/25/22 22:27:00;0
06/25/22 22:28:00;0
06/25/22 22:29:00;13
06/25/22 22:30:00;23
06/25/22 22:33:00;0
06/25/22 22:34:00;0
06/25/22 22:36:00;0
06/25/22 22:37:00;0
06/25/22 22:40:00;0
06/25/22 22:49:00;0
06/25/22 22:50:00;0
06/25/22 22:51:00;0
06/25/22 22:52:00;0
06/25/22 22:53:00;0
06/25/22 22:54:00;0
06/25/22 22:55:00;0
06/25/22 22:56:00;0
06/25/22 22:57:00;0
06/25/22 22:58:00;0
06/25/22 23:01:00;0
06/25/22 23:03:00;0
06/25/22 23:04:00;0
06/25/22 23:06:00;0
06/25/22 23:07:00;0
06/25/22 23:09:00;0
06/25/22 23:10:00;10
06/25/22 23:11:00;8
06/25/22 23:12:00;0
06/25/22 23:15:00;0
06/25/22 23:25:00;0
06/25/22 23:26:00;18
06/25/22 23:27:00;0
06/25/22 23:28:00;0
06/25/22 23:29:00;30
06/25/22 23:30:00;0
06/25/22 23:31:00;24
06/25/22 23:32:00;29
06/25/22 23:33:00;0
06/25/22 23:34:00;0
06/25/22 23:35:00;9
06/25/22 23:36:00;14
06/25/22 23:37:00;0
06/25/22 23:38:00;0
06/25/22 23:39:00;0
06/25/22 23:40:00;0
06/25/22 23:41:00;0
06/25/22 23:42:00;0
06/25/22 23:43:00;6
06/25/22 23:44:00;0
06/25/22 23:46:00;0
06/25/22 23:48:00;0
06/25/22 23:49:00;0
06/25/22 23:50:00;0
06/25/22 23:51:00;0
06/25/22 23:52:00;0
06/25/22 23:53:00;0
06/25/22 23:54:00;0
06/25/22 23:55:00;0
06/25/22 23:56:00;0
06/25/22 23:57:00;0
06/25/22 23:58:00;0
06/25/22 23:59:00;0
06/26/22 00:00:00;4
06/26/22 00:01:00;0
06/26/22 00:02:00;0
06/26/22 00:03:00;0
06/26/22 00:04:00;0
06/26/22 00:05:00;29
06/26/22 00:06:00;12
06/26/22 00:07:00;0
06/26/22 00:09:00;12
06/26/22 00:10:00;5
06/26/22 00:11:00;0
06/26/22 00:12:00;24
06/26/22 00:13:00;10
06/26/22 00:14:00;0
06/26/22 00:15:00;10
06/26/22 00:16:00;22
06/26/22 00:17:00;35
06/26/22 00:18:00;7
06/26/22 00:19:00;52
06/26/22 00:20:00;57
06/26/22 00:21:00;0
06/26/22 00:22:00;4
06/26/22 00:23:00;23
06/26/22 00:24:00;0
06/26/22 00:25:00;0
06/26/22 00:26:00;0
06/26/22 00:27:00;0
06/26/22 00:28:00;6
06/26/22 00:29:00;0
06/26/22 00:30:00;0
06/26/22 00:31:00;0
06/26/22 00:32:00;0
06/26/22 00:33:00;0
06/26/22 00:34:00;7
06/26/22 00:35:00;4
06/26/22 00:36:00;0
06/26/22 00:37:00;0
06/26/22 00:38:00;0
06/26/22 00:39:00;0
06/26/22 00:40:00;0
06/26/22 00:42:00;0
06/26/22 00:43:00;0
06/26/22 00:45:00;34
06/26/22 00:46:00;83
06/26/22 00:47:00;28
06/26/22 00:48:00;4
06/26/22 00:49:00;36
06/26/22 00:50:00;20
06/26/22 00:51:00;15
06/26/22 00:52:00;0
06/26/22 00:53:00;0
06/26/22 00:54:00;11
06/26/22 00:56:00;0
06/26/22 00:57:00;50
06/26/22 00:58:00;0
06/26/22 00:59:00;6
06/26/22 01:00:00;6
06/26/22 01:03:00;29
06/26/22 01:04:00;5
06/26/22 01:05:00;8
06/26/22 01:06:00;0
06/26/22 01:07:00;14
06/26/22 01:08:00;0
06/26/22 01:11:00;0
06/26/22 01:12:00;12
06/26/22 01:13:00;0
06/26/22 01:14:00;7
06/26/22 01:15:00;0
06/26/22 01:16:00;0
06/26/22 01:17:00;0
06/26/22 01:19:00;0
06/26/22 01:20:00;42
06/26/22 01:21:00;26
06/26/22 01:23:00;6
06/26/22 01:25:00;0
06/26/22 01:26:00;0
06/26/22 01:27:00;0
06/26/22 01:28:00;0
06/26/22 01:29:00;0
06/26/22 01:30:00;7
06/26/22 01:31:00;0
06/26/22 01:32:00;0
06/26/22 01:33:00;7
06/26/22 01:34:00;0
06/26/22 01:35:00;0
06/26/22 01:37:00;17
06/26/22 01:38:00;24
06/26/22 01:39:00;38
06/26/22 01:40:00;9
06/26/22 01:41:00;0
06/26/22 01:42:00;0
06/26/22 01:43:00;0
06/26/22 01:44:00;0
06/26/22 01:45:00;0
06/26/22 01:46:00;0
06/26/22 01:47:00;0
06/26/22 01:48:00;13
06/26/22 01:49:00;0
06/26/22 01:50:00;0
06/26/22 01:51:00;0
06/26/22 01:56:00;0
06/26/22 01:57:00;0
06/26/22 01:58:00;0
06/26/22 02:00:00;10
06/26/22 02:01:00;4
06/26/22 02:02:00;31
06/26/22 02:03:00;1
06/26/22 02:04:00;5
06/26/22 02:05:00;7
06/26/22 02:06:00;17
06/26/22 02:07:00;8
06/26/22 02:08:00;0
06/26/22 02:09:00;0
06/26/22 02:10:00;0
06/26/22 02:11:00;6
06/26/22 02:12:00;0
06/26/22 02:13:00;0
06/26/22 02:14:00;0
06/26/22 02:15:00;0
06/26/22 02:16:00;0
06/26/22 02:22:00;0
06/26/22 02:24:00;0
06/26/22 02:25:00;8
06/26/22 02:26:00;6
06/26/22 02:27:00;0
06/26/22 02:28:00;6
06/26/22 02:29:00;7
06/26/22 02:30:00;0
06/26/22 02:31:00;0
06/26/22 02:33:00;14
06/26/22 02:34:00;1
06/26/22 02:35:00;19
06/26/22 02:36:00;41
06/26/22 02:37:00;14
06/26/22 02:38:00;0
06/26/22 02:39:00;0
06/26/22 02:40:00;28
06/26/22 02:41:00;5
06/26/22 02:42:00;0
06/26/22 02:43:00;27
06/26/22 02:44:00;9
06/26/22 02:45:00;10
06/26/22 02:46:00;8
06/26/22 02:47:00;20
06/26/22 02:48:00;0
06/26/22 02:49:00;0
06/26/22 02:50:00;15
06/26/22 02:51:00;0
06/26/22 02:52:00;0
06/26/22 02:53:00;0
06/26/22 02:54:00;15
06/26/22 02:55:00;0
06/26/22 02:56:00;0
06/26/22 02:57:00;24
06/26/22 02:58:00;0
06/26/22 02:59:00;4
06/26/22 03:00:00;0
06/26/22 03:01:00;0
06/26/22 03:02:00;0
06/26/22 03:03:00;23
06/26/22 03:04:00;1
06/26/22 03:05:00;10
06/26/22 03:06:00;13
06/26/22 03:07:00;13
06/26/22 03:08:00;42
06/26/22 03:09:00;8
06/26/22 03:10:00;32
06/26/22 03:11:00;39
06/26/22 03:12:00;0
06/26/22 03:13:00;0
06/26/22 03:14:00;0
06/26/22 03:15:00;9
06/26/22 03:16:00;34
06/26/22 03:17:00;17
06/26/22 03:18:00;0
06/26/22 03:19:00;0
06/26/22 03:20:00;21
06/26/22 03:21:00;50
06/26/22 03:22:00;40
06/26/22 03:23:00;53
06/26/22 03:24:00;26
06/26/22 03:25:00;0
06/26/22 03:26:00;9
06/26/22 03:27:00;0
06/26/22 03:28:00;9
06/26/22 03:29:00;18
06/26/22 03:30:00;0
06/26/22 03:31:00;0
06/26/22 03:32:00;29
06/26/22 03:33:00;0
06/26/22 03:34:00;5
06/26/22 03:35:00;13
06/26/22 03:36:00;0
06/26/22 03:37:00;5
06/26/22 03:38:00;0
06/26/22 03:39:00;0
06/26/22 03:40:00;9
06/26/22 03:41:00;0
06/26/22 03:42:00;28
06/26/22 03:43:00;10
06/26/22 03:44:00;39
06/26/22 03:45:00;0
06/26/22 03:46:00;6
06/26/22 03:47:00;13
06/26/22 03:48:00;0
06/26/22 03:49:00;16
06/26/22 03:50:00;25
06/26/22 03:51:00;2
06/26/22 03:52:00;8
06/26/22 03:53:00;20
06/26/22 03:54:00;4
06/26/22 03:55:00;0
06/26/22 03:56:00;10
06/26/22 03:57:00;5
06/26/22 03:58:00;5
06/26/22 03:59:00;0
06/26/22 04:00:00;30
06/26/22 04:01:00;0
06/26/22 04:02:00;0
06/26/22 04:03:00;0
06/26/22 04:04:00;0
06/26/22 04:05:00;4
06/26/22 04:06:00;0
06/26/22 04:07:00;0
06/26/22 04:08:00;0
06/26/22 04:09:00;16
06/26/22 04:10:00;24
06/26/22 04:11:00;0
06/26/22 04:12:00;31
06/26/22 04:13:00;7
06/26/22 04:14:00;21
06/26/22 04:15:00;0
06/26/22 04:16:00;19
06/26/22 04:17:00;11
06/26/22 04:18:00;0
06/26/22 04:19:00;0
06/26/22 04:20:00;0
06/26/22 04:21:00;6
06/26/22 04:22:00;6
06/26/22 04:23:00;0
06/26/22 04:24:00;16
06/26/22 04:25:00;0
06/26/22 04:26:00;8
06/26/22 04:27:00;0
06/26/22 04:28:00;0
06/26/22 04:29:00;0
06/26/22 04:30:00;0
06/26/22 04:31:00;0
06/26/22 04:32:00;0
06/26/22 04:33:00;23
06/26/22 04:34:00;22
06/26/22 04:35:00;0
06/26/22 04:36:00;26
06/26/22 04:37:00;0
06/26/22 04:39:00;0
06/26/22 04:41:00;4
06/26/22 04:45:00;0
06/26/22 04:46:00;22
06/26/22 04:47:00;24
06/26/22 04:48:00;0
06/26/22 04:49:00;0
06/26/22 04:50:00;0
06/26/22 04:51:00;0
06/26/22 04:52:00;8
06/26/22 04:53:00;21
06/26/22 04:54:00;0
06/26/22 04:55:00;0
06/26/22 04:56:00;0
06/26/22 04:57:00;0
06/26/22 04:58:00;0
06/26/22 04:59:00;0
06/26/22 05:00:00;0
06/26/22 05:01:00;0
06/26/22 05:02:00;15
06/26/22 05:05:00;6
06/26/22 05:06:00;16
06/26/22 06:52:00;10
06/26/22 06:53:00;0
06/26/22 06:54:00;0
06/26/22 06:55:00;0
06/26/22 06:56:00;10
06/26/22 06:58:00;0
06/26/22 06:59:00;9
06/26/22 07:01:00;0
06/26/22 07:02:00;26
06/26/22 07:03:00;8
06/26/22 07:04:00;17
06/26/22 07:05:00;13
06/26/22 07:06:00;0
06/26/22 07:08:00;0
06/26/22 07:09:00;0
06/26/22 07:13:00;0
06/26/22 07:27:00;0
06/26/22 07:28:00;0
06/26/22 07:34:00;9
06/26/22 08:08:00;0
06/26/22 08:18:00;0
06/26/22 08:28:00;0
06/26/22 09:01:00;0
06/26/22 09:30:00;0
06/26/22 09:31:00;11
06/26/22 09:32:00;4
06/26/22 09:33:00;0
06/26/22 09:34:00;0
06/26/22 09:35:00;0
06/26/22 09:36:00;0
06/26/22 09:37:00;0
06/26/22 09:41:00;0
06/26/22 09:42:00;0
06/26/22 09:43:00;0
06/26/22 09:44:00;0
06/26/22 09:47:00;0
06/26/22 09:49:00;24
06/26/22 09:50:00;0
06/26/22 09:53:00;0
06/26/22 09:54:00;0
06/26/22 09:55:00;0
06/26/22 10:25:00;0
06/26/22 10:26:00;19
06/26/22 10:27:00;0
06/26/22 10:28:00;0
06/26/22 10:30:00;0
06/26/22 10:31:00;0
06/26/22 10:37:00;0
06/26/22 10:46:00;0
06/26/22 10:47:00;0
06/26/22 10:48:00;0
06/26/22 10:50:00;0
06/26/22 10:51:00;0
06/26/22 10:55:00;0
06/26/22 10:57:00;7
06/26/22 11:00:00;0
06/26/22 11:02:00;0
06/26/22 11:05:00;9
06/26/22 11:06:00;0
06/26/22 11:07:00;0
06/26/22 11:08:00;0
06/26/22 11:14:00;0
06/26/22 11:17:00;0
06/26/22 11:23:00;7
06/26/22 11:25:00;0
06/26/22 11:26:00;0
06/26/22 11:27:00;0
06/26/22 11:33:00;12
06/26/22 11:34:00;0
06/26/22 11:35:00;0
06/26/22 11:38:00;6
06/26/22 11:39:00;3
06/26/22 11:41:00;0
06/26/22 11:50:00;0
06/26/22 11:51:00;16
06/26/22 11:52:00;37
06/26/22 11:53:00;64
06/26/22 11:54:00;59
06/26/22 11:55:00;0
06/26/22 11:56:00;0
06/26/22 11:57:00;0
06/26/22 11:58:00;0
06/26/22 11:59:00;0
06/26/22 12:00:00;0
06/26/22 12:01:00;0
06/26/22 12:02:00;17
06/26/22 12:03:00;0
06/26/22 12:04:00;6
06/26/22 12:05:00;0
06/26/22 12:06:00;0
06/26/22 12:07:00;12
06/26/22 12:08:00;0
06/26/22 12:09:00;0
06/26/22 12:10:00;5
06/26/22 12:11:00;0
06/26/22 12:12:00;0
06/26/22 12:13:00;0
06/26/22 12:14:00;0
06/26/22 12:15:00;0
06/26/22 12:16:00;15
06/26/22 12:17:00;0
06/26/22 12:18:00;0
06/26/22 12:19:00;0
06/26/22 12:20:00;18
06/26/22 12:21:00;0
06/26/22 12:23:00;12
06/26/22 12:24:00;0
06/26/22 12:25:00;0
06/26/22 12:26:00;0
06/26/22 12:29:00;0
06/26/22 12:30:00;13
06/26/22 12:31:00;0
06/26/22 12:32:00;8
06/26/22 12:34:00;0
06/26/22 12:35:00;0
06/26/22 12:37:00;10
06/26/22 12:38:00;12
06/26/22 12:39:00;0
06/26/22 12:40:00;0
06/26/22 12:41:00;0
06/26/22 12:42:00;0
06/26/22 12:43:00;0
06/26/22 12:44:00;0
06/26/22 12:45:00;0
06/26/22 12:46:00;0
06/26/22 12:47:00;0
06/26/22 12:48:00;0
06/26/22 12:49:00;0
06/26/22 12:50:00;0
06/26/22 12:52:00;18
06/26/22 12:57:00;0
06/26/22 13:01:00;9
06/26/22 13:02:00;1
06/26/22 13:03:00;6
06/26/22 13:04:00;22
06/26/22 13:06:00;0
06/26/22 13:07:00;33
06/26/22 13:08:00;33
06/26/22 13:10:00;0
06/26/22 13:13:00;0
06/26/22 13:14:00;0
06/26/22 13:15:00;0
06/26/22 13:16:00;0
06/26/22 13:17:00;21
06/26/22 13:18:00;14
06/26/22 13:19:00;0
06/26/22 13:20:00;0
06/26/22 13:21:00;0
06/26/22 13:22:00;0
06/26/22 13:23:00;0
06/26/22 13:27:00;0
06/26/22 13:28:00;7
06/26/22 13:29:00;0
06/26/22 13:30:00;0
06/26/22 13:31:00;0
06/26/22 13:33:00;0
06/26/22 13:36:00;0
06/26/22 13:40:00;0
06/26/22 13:41:00;0
06/26/22 13:42:00;0
06/26/22 13:43:00;0
06/26/22 13:44:00;53
06/26/22 13:45:00;22
06/26/22 13:46:00;5
06/26/22 13:47:00;0
06/26/22 13:48:00;0
06/26/22 13:49:00;9
06/26/22 13:50:00;25
06/26/22 13:51:00;0
06/26/22 13:52:00;0
06/26/22 13:53:00;0
06/26/22 13:54:00;0
06/26/22 13:57:00;0
06/26/22 13:59:00;0
06/26/22 14:00:00;0
06/26/22 14:01:00;0
06/26/22 14:02:00;0
06/26/22 14:03:00;0
06/26/22 14:04:00;0
06/26/22 14:05:00;0
06/26/22 14:06:00;0
06/26/22 14:09:00;0
06/26/22 14:10:00;0
06/26/22 14:11:00;0
06/26/22 14:12:00;0
06/26/22 14:15:00;0
06/26/22 14:18:00;0
06/26/22 15:23:00;0
06/26/22 15:43:00;0
06/26/22 15:45:00;0
06/26/22 15:47:00;0
06/26/22 16:23:00;0
06/26/22 16:58:00;6
06/26/22 17:07:00;0
06/26/22 17:23:00;0
06/26/22 18:25:00;0
06/26/22 18:26:00;6
06/26/22 18:41:00;0
06/26/22 19:03:00;0
06/26/22 19:31:00;0
06/26/22 19:43:00;0
06/26/22 19:54:00;0
06/26/22 20:00:00;5
06/26/22 20:07:00;0
06/26/22 20:30:00;4
06/26/22 20:38:00;8
06/26/22 20:55:00;0
06/26/22 21:15:00;0
06/26/22 21:25:00;0
06/26/22 21:41:00;0
06/26/22 21:44:00;7
06/26/22 21:51:00;0
06/26/22 21:54:00;0
06/26/22 21:57:00;0
06/26/22 21:59:00;0
06/26/22 22:00:00;8
06/26/22 22:01:00;0
06/26/22 22:02:00;0
06/26/22 22:11:00;0
06/26/22 22:12:00;0
06/26/22 22:13:00;0
06/26/22 22:14:00;0
06/26/22 22:15:00;0
06/26/22 22:16:00;0
06/26/22 22:17:00;0
06/26/22 22:18:00;0
06/26/22 22:19:00;6
06/26/22 22:20:00;0
06/26/22 22:37:00;0
06/26/22 22:40:00;24
06/26/22 22:41:00;11
06/26/22 22:42:00;0
06/26/22 22:43:00;0
06/26/22 22:44:00;0
06/26/22 22:45:00;8
06/26/22 22:46:00;0
06/26/22 22:47:00;31
06/26/22 22:48:00;9
06/26/22 22:49:00;0
06/26/22 22:50:00;17
06/26/22 22:51:00;11
06/26/22 22:52:00;22
06/26/22 22:53:00;0
06/26/22 22:54:00;7
06/26/22 22:55:00;27
06/26/22 22:56:00;11
06/26/22 22:57:00;9
06/26/22 22:58:00;0
06/26/22 22:59:00;19
06/26/22 23:00:00;23
06/26/22 23:01:00;8
06/26/22 23:02:00;0
06/26/22 23:03:00;0
06/26/22 23:04:00;20
06/26/22 23:05:00;0
06/26/22 23:06:00;0
06/26/22 23:07:00;0
06/26/22 23:08:00;13
06/26/22 23:09:00;15
06/26/22 23:10:00;0
06/26/22 23:11:00;0
06/26/22 23:12:00;0
06/26/22 23:13:00;6
06/26/22 23:14:00;0
06/26/22 23:15:00;0
06/26/22 23:16:00;10
06/26/22 23:17:00;39
06/26/22 23:18:00;1
06/26/22 23:19:00;0
06/26/22 23:20:00;16
06/26/22 23:21:00;7
06/26/22 23:22:00;10
06/26/22 23:23:00;0
06/26/22 23:24:00;4
06/26/22 23:25:00;9
06/26/22 23:27:00;0
06/26/22 23:28:00;18
06/26/22 23:29:00;18
06/26/22 23:30:00;4
06/26/22 23:31:00;28
06/26/22 23:32:00;0
06/26/22 23:33:00;14
06/26/22 23:34:00;17
06/26/22 23:35:00;10
06/26/22 23:36:00;19
06/26/22 23:37:00;0
06/26/22 23:38:00;0
06/26/22 23:39:00;4
06/26/22 23:40:00;15
06/26/22 23:41:00;12
06/26/22 23:42:00;8
06/26/22 23:43:00;9
06/26/22 23:44:00;8
06/26/22 23:45:00;18
06/26/22 23:46:00;18
06/26/22 23:47:00;0
06/26/22 23:48:00;0
06/26/22 23:49:00;0
06/26/22 23:50:00;0
06/26/22 23:51:00;0
06/26/22 23:52:00;0
06/26/22 23:53:00;0
06/26/22 23:54:00;0
06/26/22 23:55:00;0
06/26/22 23:56:00;0
06/26/22 23:57:00;9
06/26/22 23:58:00;9
06/26/22 23:59:00;43
06/27/22 00:00:00;39
06/27/22 00:01:00;0
06/27/22 00:13:00;8
06/27/22 00:14:00;30
06/27/22 00:15:00;0
06/27/22 00:16:00;0
06/27/22 00:17:00;22
06/27/22 00:18:00;15
06/27/22 00:19:00;36
06/27/22 00:20:00;18
06/27/22 00:21:00;14
06/27/22 00:22:00;17
06/27/22 00:23:00;35
06/27/22 00:24:00;8
06/27/22 00:25:00;18
06/27/22 00:26:00;35
06/27/22 00:27:00;14
06/27/22 00:28:00;0
06/27/22 00:29:00;28
06/27/22 00:30:00;0
06/27/22 00:31:00;31
06/27/22 00:32:00;53
06/27/22 00:33:00;9
06/27/22 00:34:00;27
06/27/22 00:35:00;35
06/27/22 00:36:00;47
06/27/22 00:37:00;99
06/27/22 00:38:00;115
06/27/22 00:39:00;109
06/27/22 00:40:00;109
06/27/22 00:41:00;92
06/27/22 00:42:00;69
06/27/22 00:43:00;96
06/27/22 00:44:00;101
06/27/22 00:45:00;59
06/27/22 00:46:00;85
06/27/22 00:47:00;42
06/27/22 00:48:00;23
06/27/22 00:49:00;0
06/27/22 00:50:00;11
06/27/22 00:51:00;20
06/27/22 00:52:00;0
06/27/22 00:53:00;0
06/27/22 00:54:00;0
06/27/22 00:55:00;0
06/27/22 00:56:00;9
06/27/22 00:57:00;10
06/27/22 00:58:00;0
06/27/22 00:59:00;0
06/27/22 01:00:00;0
06/27/22 01:01:00;0
06/27/22 01:02:00;0
06/27/22 01:03:00;9
06/27/22 01:04:00;0
06/27/22 01:05:00;18
06/27/22 01:06:00;7
06/27/22 01:07:00;0
06/27/22 01:08:00;0
06/27/22 01:09:00;0
06/27/22 01:10:00;0
06/27/22 01:11:00;0
06/27/22 01:12:00;0
06/27/22 01:13:00;0
06/27/22 01:14:00;0
06/27/22 01:15:00;0
06/27/22 01:16:00;0
06/27/22 01:17:00;0
06/27/22 01:18:00;22
06/27/22 01:19:00;15
06/27/22 01:20:00;0
06/27/22 01:21:00;5
06/27/22 01:22:00;0
06/27/22 01:23:00;0
06/27/22 01:24:00;36
06/27/22 01:25:00;1
06/27/22 01:26:00;6
06/27/22 01:27:00;0
06/27/22 01:28:00;30
06/27/22 01:29:00;45
06/27/22 01:30:00;14
06/27/22 01:31:00;7
06/27/22 01:32:00;10
06/27/22 01:33:00;0
06/27/22 01:34:00;0
06/27/22 01:35:00;0
06/27/22 01:36:00;0
06/27/22 01:37:00;0
06/27/22 01:38:00;0
06/27/22 01:40:00;0
06/27/22 01:41:00;0
06/27/22 01:42:00;63
06/27/22 01:43:00;18
06/27/22 01:44:00;16
06/27/22 01:45:00;43
06/27/22 01:46:00;14
06/27/22 01:47:00;32
06/27/22 01:48:00;19
06/27/22 01:49:00;0
06/27/22 01:51:00;0
06/27/22 01:52:00;0
06/27/22 01:53:00;0
06/27/22 01:54:00;0
06/27/22 01:55:00;0
06/27/22 01:56:00;8
06/27/22 01:58:00;0
06/27/22 01:59:00;23
06/27/22 02:01:00;8
06/27/22 02:02:00;0
06/27/22 02:03:00;0
06/27/22 02:04:00;0
06/27/22 02:05:00;0
06/27/22 02:06:00;0
06/27/22 02:07:00;0
06/27/22 02:08:00;0
06/27/22 02:09:00;0
06/27/22 02:10:00;6
06/27/22 02:11:00;0
06/27/22 02:12:00;0
06/27/22 02:13:00;0
06/27/22 02:14:00;0
06/27/22 02:15:00;6
06/27/22 02:16:00;0
06/27/22 02:17:00;0
06/27/22 02:19:00;0
06/27/22 02:21:00;0
06/27/22 02:22:00;0
06/27/22 02:23:00;0
06/27/22 02:24:00;0
06/27/22 02:25:00;0
06/27/22 02:26:00;0
06/27/22 02:27:00;0
06/27/22 02:31:00;0
06/27/22 02:32:00;0
06/27/22 02:34:00;0
06/27/22 02:35:00;0
06/27/22 02:36:00;0
06/27/22 02:39:00;0
06/27/22 02:42:00;0
06/27/22 02:43:00;0
06/27/22 02:49:00;4
06/27/22 02:50:00;0
06/27/22 02:51:00;0
06/27/22 02:52:00;14
06/27/22 02:53:00;0
06/27/22 02:54:00;0
06/27/22 02:57:00;0
06/27/22 02:58:00;0
06/27/22 02:59:00;0
06/27/22 03:00:00;10
06/27/22 03:01:00;0
06/27/22 03:02:00;0
06/27/22 03:04:00;0
06/27/22 03:05:00;0
06/27/22 03:07:00;0
06/27/22 03:08:00;27
06/27/22 03:09:00;16
06/27/22 03:10:00;0
06/27/22 03:11:00;12
06/27/22 03:12:00;24
06/27/22 03:13:00;12
06/27/22 03:14:00;47
06/27/22 03:15:00;11
06/27/22 03:16:00;6
06/27/22 03:17:00;0
06/27/22 03:19:00;30
06/27/22 03:20:00;6
06/27/22 03:21:00;0
06/27/22 03:22:00;0
06/27/22 03:23:00;0
06/27/22 03:24:00;0
06/27/22 03:25:00;0
06/27/22 03:26:00;0
06/27/22 03:27:00;0
06/27/22 03:28:00;0
06/27/22 03:29:00;0
06/27/22 03:31:00;9
06/27/22 03:32:00;0
06/27/22 03:33:00;0
06/27/22 03:34:00;0
06/27/22 03:35:00;0
06/27/22 03:36:00;0
06/27/22 03:37:00;0
06/27/22 03:38:00;7
06/27/22 03:40:00;17
06/27/22 03:41:00;0
06/27/22 03:42:00;0
06/27/22 03:43:00;0
06/27/22 03:44:00;0
06/27/22 03:45:00;0
06/27/22 03:46:00;0
06/27/22 03:47:00;0
06/27/22 03:48:00;0
06/27/22 03:49:00;0
06/27/22 03:50:00;0
06/27/22 03:52:00;8
06/27/22 03:53:00;0
06/27/22 03:54:00;0
06/27/22 03:55:00;0
06/27/22 03:56:00;0
06/27/22 03:57:00;0
06/27/22 03:58:00;0
06/27/22 03:59:00;0
06/27/22 04:00:00;0
06/27/22 04:01:00;0
06/27/22 04:02:00;0
06/27/22 04:04:00;0
06/27/22 04:05:00;0
06/27/22 04:06:00;0
06/27/22 04:07:00;0
06/27/22 04:09:00;0
06/27/22 04:11:00;0
06/27/22 04:12:00;0
06/27/22 04:13:00;0
06/27/22 04:14:00;0
06/27/22 04:15:00;0
06/27/22 04:16:00;0
06/27/22 04:17:00;0
06/27/22 04:18:00;0
06/27/22 04:19:00;0
06/27/22 04:20:00;0
06/27/22 04:21:00;0
06/27/22 04:22:00;0
06/27/22 04:23:00;0
06/27/22 04:24:00;0
06/27/22 04:25:00;0
06/27/22 04:26:00;4
06/27/22 04:27:00;0
06/27/22 04:28:00;0
06/27/22 04:29:00;0
06/27/22 04:30:00;0
06/27/22 04:31:00;0
06/27/22 04:32:00;0
06/27/22 04:33:00;0
06/27/22 04:34:00;0
06/27/22 04:35:00;0
06/27/22 04:36:00;0
06/27/22 04:37:00;0
06/27/22 04:39:00;0
06/27/22 04:40:00;0
06/27/22 04:42:00;5
06/27/22 04:43:00;0
06/27/22 04:44:00;7
06/27/22 04:45:00;8
06/27/22 04:46:00;0
06/27/22 04:47:00;16
06/27/22 04:48:00;0
06/27/22 04:49:00;9
06/27/22 04:50:00;7
06/27/22 04:51:00;0
06/27/22 04:52:00;0
06/27/22 04:53:00;8
06/27/22 04:54:00;0
06/27/22 04:55:00;0
06/27/22 04:56:00;0
06/27/22 04:57:00;18
06/27/22 04:59:00;0
06/27/22 05:00:00;0
06/27/22 05:01:00;0
06/27/22 05:02:00;7
06/27/22 05:03:00;10
06/27/22 05:04:00;35
06/27/22 05:05:00;10
06/27/22 05:08:00;0
06/27/22 05:09:00;47
06/27/22 05:10:00;26
06/27/22 05:11:00;0
06/27/22 05:12:00;0
06/27/22 05:13:00;0
06/27/22 05:14:00;0
06/27/22 05:15:00;0
06/27/22 05:16:00;7
06/27/22 05:17:00;9
06/27/22 05:18:00;14
06/27/22 05:19:00;55
06/27/22 05:20:00;8
06/27/22 05:21:00;0
06/27/22 05:23:00;0
06/27/22 05:24:00;0
06/27/22 05:25:00;7
06/27/22 05:26:00;0
06/27/22 05:28:00;0
06/27/22 05:29:00;0
06/27/22 05:30:00;0
06/27/22 05:31:00;0
06/27/22 05:32:00;0
06/27/22 05:33:00;6
06/27/22 05:34:00;31
06/27/22 05:35:00;54
06/27/22 05:36:00;102
06/27/22 05:37:00;22
06/27/22 05:38:00;6
06/27/22 05:39:00;0
06/27/22 05:40:00;5
06/27/22 05:41:00;7
06/27/22 05:42:00;74
06/27/22 05:43:00;85
06/27/22 05:44:00;36
06/27/22 05:45:00;7
06/27/22 05:46:00;27
06/27/22 05:47:00;0
06/27/22 05:48:00;0
06/27/22 05:49:00;0
06/27/22 05:50:00;10
06/27/22 05:51:00;30
06/27/22 05:52:00;3
06/27/22 05:53:00;29
06/27/22 05:54:00;29
06/27/22 05:55:00;18
06/27/22 05:56:00;0
06/27/22 05:57:00;0
06/27/22 05:58:00;22
06/27/22 05:59:00;25
06/27/22 06:00:00;0
06/27/22 06:01:00;0
06/27/22 06:02:00;0
06/27/22 06:03:00;0
06/27/22 06:04:00;7
06/27/22 06:05:00;11
06/27/22 06:06:00;5
06/27/22 06:07:00;0
06/27/22 06:08:00;0
06/27/22 06:09:00;107
06/27/22 06:10:00;66
06/27/22 06:11:00;42
06/27/22 06:12:00;0
06/27/22 06:13:00;0
06/27/22 06:14:00;0
06/27/22 06:15:00;0
06/27/22 06:16:00;0
06/27/22 06:17:00;0
06/27/22 06:18:00;0
06/27/22 06:21:00;7
06/27/22 06:22:00;7
06/27/22 06:23:00;0
06/27/22 06:24:00;0
06/27/22 06:25:00;0
06/27/22 06:26:00;0
06/27/22 06:27:00;0
06/27/22 06:28:00;0
06/27/22 06:29:00;0
06/27/22 06:30:00;0
06/27/22 06:31:00;0
06/27/22 06:32:00;4
06/27/22 06:33:00;0
06/27/22 06:34:00;0
06/27/22 06:35:00;0
06/27/22 06:36:00;6
06/27/22 06:37:00;0
06/27/22 06:38:00;0
06/27/22 06:39:00;0
06/27/22 06:40:00;0
06/27/22 06:41:00;0
06/27/22 06:42:00;0
06/27/22 06:43:00;0
06/27/22 06:44:00;0
06/27/22 06:45:00;11
06/27/22 06:46:00;6
06/27/22 06:47:00;10
06/27/22 06:48:00;0
06/27/22 06:49:00;0
06/27/22 06:50:00;27
06/27/22 06:51:00;9
06/27/22 06:52:00;0
06/27/22 06:53:00;7
06/27/22 06:54:00;0
06/27/22 06:55:00;0
06/27/22 06:56:00;0
06/27/22 06:57:00;0
06/27/22 06:58:00;0
06/27/22 06:59:00;0
06/27/22 07:00:00;0
06/27/22 07:01:00;0
06/27/22 07:02:00;0
06/27/22 07:03:00;0
06/27/22 07:04:00;0
06/27/22 07:05:00;0
06/27/22 07:06:00;0
06/27/22 07:07:00;0
06/27/22 07:08:00;0
06/27/22 07:09:00;0
06/27/22 07:11:00;0
06/27/22 07:12:00;0
06/27/22 07:13:00;0
06/27/22 07:14:00;0
06/27/22 07:15:00;0
06/27/22 07:16:00;0
06/27/22 07:17:00;0
06/27/22 07:18:00;0
06/27/22 07:19:00;0
06/27/22 07:22:00;0
06/27/22 07:23:00;0
06/27/22 07:26:00;0
06/27/22 07:27:00;0
06/27/22 07:28:00;0
06/27/22 07:30:00;0
06/27/22 07:31:00;0
06/27/22 07:32:00;0
06/27/22 07:33:00;0
06/27/22 07:34:00;0
06/27/22 07:35:00;0
06/27/22 07:37:00;0
06/27/22 07:38:00;0
06/27/22 07:40:00;0
06/27/22 07:42:00;0
06/27/22 07:43:00;0
06/27/22 07:44:00;7
06/27/22 07:45:00;0
06/27/22 07:46:00;0
06/27/22 07:47:00;0
06/27/22 07:48:00;0
06/27/22 07:49:00;0
06/27/22 07:50:00;0
06/27/22 07:51:00;0
06/27/22 07:52:00;12
06/27/22 07:53:00;20
06/27/22 07:54:00;0
06/27/22 07:57:00;17
06/27/22 07:58:00;0
06/27/22 07:59:00;0
06/27/22 08:01:00;0
06/27/22 08:02:00;0
06/27/22 08:03:00;0
06/27/22 08:04:00;4
06/27/22 08:05:00;0
06/27/22 08:06:00;0
06/27/22 08:07:00;6
06/27/22 08:08:00;15
06/27/22 08:09:00;0
06/27/22 08:10:00;6
06/27/22 08:11:00;17
06/27/22 08:12:00;0
06/27/22 08:14:00;0
06/27/22 08:15:00;0
06/27/22 08:17:00;0
06/27/22 08:18:00;31
06/27/22 08:19:00;25
06/27/22 08:20:00;0
06/27/22 08:21:00;46
06/27/22 08:22:00;30
06/27/22 08:23:00;7
06/27/22 08:24:00;8
06/27/22 08:25:00;31
06/27/22 08:26:00;14
06/27/22 08:27:00;0
06/27/22 08:28:00;0
06/27/22 08:29:00;0
06/27/22 08:30:00;5
06/27/22 08:31:00;0
06/27/22 08:33:00;0
06/27/22 08:34:00;45
06/27/22 08:35:00;44
06/27/22 08:36:00;53
06/27/22 08:37:00;8
06/27/22 08:38:00;0
06/27/22 08:41:00;40
06/27/22 08:42:00;13
06/27/22 08:43:00;14
06/27/22 08:44:00;0
06/27/22 08:46:00;0
06/27/22 08:47:00;0
06/27/22 08:48:00;0
06/27/22 08:49:00;0
06/27/22 08:53:00;0
06/27/22 08:56:00;0
06/27/22 08:58:00;0
06/27/22 08:59:00;4
06/27/22 09:00:00;4
06/27/22 09:01:00;0
06/27/22 09:02:00;0
06/27/22 09:03:00;0
06/27/22 09:04:00;0
06/27/22 09:05:00;0
06/27/22 09:14:00;0
06/27/22 09:15:00;0
06/27/22 09:16:00;0
06/27/22 09:17:00;4
06/27/22 09:18:00;0
06/27/22 09:19:00;0
06/27/22 09:20:00;0
06/27/22 09:21:00;0
06/27/22 09:22:00;7
06/27/22 09:23:00;12
06/27/22 09:24:00;14
06/27/22 09:25:00;0
06/27/22 09:26:00;25
06/27/22 09:27:00;6
06/27/22 09:28:00;0
06/27/22 09:29:00;0
06/27/22 09:30:00;87
06/27/22 09:31:00;42
06/27/22 09:32:00;24
06/27/22 09:33:00;64
06/27/22 09:34:00;128
06/27/22 09:35:00;44
06/27/22 09:36:00;30
06/27/22 09:37:00;28
06/27/22 09:38:00;33
06/27/22 09:39:00;0
06/27/22 09:40:00;24
06/27/22 09:41:00;13
06/27/22 09:42:00;7
06/27/22 09:43:00;14
06/27/22 09:44:00;8
06/27/22 09:45:00;88
06/27/22 09:46:00;111
06/27/22 09:47:00;108
06/27/22 09:48:00;99
06/27/22 09:49:00;70
06/27/22 09:50:00;55
06/27/22 09:51:00;45
06/27/22 09:52:00;3
06/27/22 09:53:00;0
06/27/22 09:54:00;27
06/27/22 09:55:00;23
06/27/22 09:56:00;26
06/27/22 09:57:00;5
06/27/22 09:58:00;23
06/27/22 09:59:00;0
06/27/22 10:00:00;4
06/27/22 10:01:00;0
06/27/22 10:13:00;23
06/27/22 10:14:00;20
06/27/22 10:15:00;0
06/27/22 10:16:00;0
06/27/22 10:17:00;6
06/27/22 10:18:00;0
06/27/22 10:19:00;42
06/27/22 10:20:00;0
06/27/22 10:21:00;0
06/27/22 10:22:00;0
06/27/22 10:23:00;10
06/27/22 10:24:00;12
06/27/22 10:25:00;7
06/27/22 10:26:00;0
06/27/22 10:27:00;0
06/27/22 10:28:00;0
06/27/22 10:30:00;5
06/27/22 10:31:00;8
06/27/22 10:35:00;28
06/27/22 10:36:00;6
06/27/22 10:43:00;0
06/27/22 10:47:00;0
06/27/22 10:48:00;0
06/27/22 10:55:00;0
06/27/22 10:56:00;9
06/27/22 10:58:00;0
06/27/22 10:59:00;0
06/27/22 11:00:00;0
06/27/22 11:19:00;7
06/28/22 00:22:00;8
06/28/22 00:23:00;34
06/28/22 00:24:00;0
06/28/22 00:25:00;0
06/28/22 00:26:00;0
06/28/22 00:27:00;14
06/28/22 00:28:00;20
06/28/22 00:29:00;36
06/28/22 00:30:00;0
06/28/22 00:31:00;17
06/28/22 00:32:00;25
06/28/22 00:33:00;26
06/28/22 00:34:00;5
06/28/22 00:35:00;17
06/28/22 00:36:00;46
06/28/22 00:37:00;16
06/28/22 00:38:00;7
06/28/22 00:39:00;45
06/28/22 00:40:00;40
06/28/22 00:41:00;0
06/28/22 00:42:00;31
06/28/22 00:43:00;65
06/28/22 00:44:00;98
06/28/22 00:45:00;106
06/28/22 00:46:00;105
06/28/22 00:47:00;106
06/28/22 00:48:00;64
06/28/22 00:49:00;79
06/28/22 00:50:00;20
06/28/22 00:51:00;46
06/28/22 00:52:00;85
06/28/22 00:53:00;73
06/28/22 00:54:00;11
06/28/22 00:55:00;62
06/28/22 00:56:00;50
06/28/22 00:57:00;10
06/28/22 00:58:00;0
06/28/22 01:00:00;0
06/28/22 01:01:00;0
06/28/22 01:02:00;0
06/28/22 01:03:00;0
06/28/22 01:04:00;0
06/28/22 01:05:00;4
06/28/22 01:06:00;0
06/28/22 01:07:00;4
06/28/22 01:08:00;0
06/28/22 01:09:00;0
06/28/22 01:10:00;0
06/28/22 01:11:00;0
06/28/22 01:12:00;22
06/28/22 01:13:00;3
06/28/22 01:14:00;0
06/28/22 01:15:00;8
06/28/22 01:16:00;12
06/28/22 01:17:00;55
06/28/22 01:18:00;26
06/28/22 01:19:00;7
06/28/22 01:20:00;0
06/28/22 01:21:00;0
06/28/22 01:22:00;46
06/28/22 01:23:00;0
06/28/22 01:24:00;0
06/28/22 01:25:00;0
06/28/22 01:26:00;0
06/28/22 01:27:00;0
06/28/22 01:29:00;0
06/28/22 01:34:00;0
06/28/22 01:36:00;52
06/28/22 01:37:00;7
06/28/22 01:41:00;8
06/28/22 01:42:00;0
06/28/22 01:47:00;14
06/28/22 01:51:00;0
06/28/22 01:52:00;0
06/28/22 01:54:00;0
06/28/22 01:55:00;0
06/28/22 01:57:00;0
06/28/22 01:58:00;0
06/28/22 01:59:00;0
06/28/22 02:00:00;0
06/28/22 02:01:00;0
06/28/22 02:02:00;0
06/28/22 02:03:00;0
06/28/22 02:04:00;0
06/28/22 02:05:00;0
06/28/22 02:06:00;0
06/28/22 02:07:00;0
06/28/22 02:08:00;0
06/28/22 02:09:00;0
06/28/22 02:10:00;0
06/28/22 02:12:00;0
06/28/22 02:13:00;0
06/28/22 02:14:00;0
06/28/22 02:15:00;0
06/28/22 02:16:00;0
06/28/22 02:17:00;0
06/28/22 02:18:00;8
06/28/22 02:19:00;0
06/28/22 02:20:00;8
06/28/22 02:21:00;0
06/28/22 02:23:00;0
06/28/22 02:25:00;8
06/28/22 02:26:00;0
06/28/22 02:27:00;0
06/28/22 02:28:00;0
06/28/22 02:29:00;33
06/28/22 02:30:00;0
06/28/22 02:31:00;0
06/28/22 02:32:00;0
06/28/22 02:33:00;0
06/28/22 02:35:00;0
06/28/22 02:38:00;0
06/28/22 02:39:00;0
06/28/22 02:40:00;0
06/28/22 02:41:00;0
06/28/22 02:42:00;0
06/28/22 02:43:00;0
06/28/22 02:44:00;23
06/28/22 02:45:00;0
06/28/22 02:46:00;0
06/28/22 02:47:00;0
06/28/22 02:48:00;0
06/28/22 02:50:00;0
06/28/22 02:52:00;0
06/28/22 02:53:00;0
06/28/22 02:55:00;0
06/28/22 02:56:00;0
06/28/22 02:58:00;0
06/28/22 02:59:00;0
06/28/22 03:00:00;0
06/28/22 03:01:00;0
06/28/22 03:02:00;0
06/28/22 03:03:00;0
06/28/22 03:06:00;0
06/28/22 03:07:00;0
06/28/22 03:08:00;0
06/28/22 03:11:00;0
06/28/22 03:12:00;0
06/28/22 03:13:00;0
06/28/22 03:15:00;0
06/28/22 03:16:00;0
06/28/22 03:17:00;0
06/28/22 03:18:00;0
06/28/22 03:19:00;0
06/28/22 03:20:00;0
06/28/22 03:21:00;0
06/28/22 03:22:00;0
06/28/22 03:23:00;6
06/28/22 03:24:00;10
06/28/22 03:25:00;16
06/28/22 03:26:00;0
06/28/22 03:27:00;0
06/28/22 03:28:00;0
06/28/22 03:29:00;0
06/28/22 03:30:00;0
06/28/22 03:31:00;12
06/28/22 03:32:00;9
06/28/22 03:33:00;0
06/28/22 03:35:00;0
06/28/22 03:37:00;0
06/28/22 03:38:00;17
06/28/22 03:39:00;0
06/28/22 03:40:00;0
06/28/22 03:41:00;0
06/28/22 03:42:00;0
06/28/22 03:43:00;0
06/28/22 03:44:00;0
06/28/22 03:45:00;0
06/28/22 03:46:00;0
06/28/22 03:47:00;0
06/28/22 03:48:00;0
06/28/22 03:49:00;0
06/28/22 03:50:00;0
06/28/22 03:51:00;15
06/28/22 03:52:00;0
06/28/22 03:54:00;8
06/28/22 03:56:00;14
06/28/22 03:57:00;0
06/28/22 03:59:00;0
06/28/22 04:00:00;0
06/28/22 04:01:00;0
06/28/22 04:02:00;4
06/28/22 04:03:00;10
06/28/22 04:04:00;0
06/28/22 04:05:00;0
06/28/22 04:06:00;60
06/28/22 04:07:00;15
06/28/22 04:08:00;55
06/28/22 04:09:00;0
06/28/22 04:10:00;0
06/28/22 04:11:00;0
06/28/22 04:12:00;0
06/28/22 04:13:00;0
06/28/22 04:14:00;0
06/28/22 04:15:00;0
06/28/22 04:18:00;0
06/28/22 04:20:00;0
06/28/22 04:21:00;0
06/28/22 04:22:00;0
06/28/22 04:23:00;0
06/28/22 04:24:00;22
06/28/22 04:25:00;0
06/28/22 04:26:00;0
06/28/22 04:27:00;34
06/28/22 04:28:00;13
06/28/22 04:29:00;0
06/28/22 04:30:00;0
06/28/22 04:31:00;0
06/28/22 04:32:00;0
06/28/22 04:33:00;0
06/28/22 04:34:00;0
06/28/22 04:35:00;0
06/28/22 04:36:00;0
06/28/22 04:37:00;0
06/28/22 04:38:00;0
06/28/22 04:39:00;0
06/28/22 04:41:00;0
06/28/22 04:42:00;0
06/28/22 04:43:00;0
06/28/22 04:44:00;0
06/28/22 04:45:00;0
06/28/22 04:46:00;0
06/28/22 04:47:00;0
06/28/22 04:48:00;0
06/28/22 04:49:00;0
06/28/22 04:50:00;0
06/28/22 04:51:00;0
06/28/22 04:52:00;0
06/28/22 04:53:00;6
06/28/22 04:54:00;0
06/28/22 04:55:00;0
06/28/22 04:56:00;0
06/28/22 04:57:00;0
06/28/22 04:58:00;0
06/28/22 04:59:00;0
06/28/22 05:00:00;0
06/28/22 05:01:00;27
06/28/22 05:02:00;0
06/28/22 05:03:00;22
06/28/22 05:04:00;4
06/28/22 05:05:00;0
06/28/22 05:06:00;0
06/28/22 05:07:00;0
06/28/22 05:08:00;0
06/28/22 05:09:00;0
06/28/22 05:12:00;0
06/28/22 05:13:00;0
06/28/22 05:14:00;16
06/28/22 05:15:00;0
06/28/22 05:16:00;0
06/28/22 05:17:00;0
06/28/22 05:18:00;0
06/28/22 05:19:00;0
06/28/22 05:20:00;0
06/28/22 05:21:00;0
06/28/22 05:22:00;0
06/28/22 05:23:00;0
06/28/22 05:24:00;0
06/28/22 05:25:00;0
06/28/22 05:26:00;0
06/28/22 05:27:00;10
06/28/22 05:28:00;11
06/28/22 05:29:00;0
06/28/22 05:30:00;0
06/28/22 05:31:00;0
06/28/22 05:32:00;0
06/28/22 05:33:00;0
06/28/22 05:34:00;0
06/28/22 05:35:00;0
06/28/22 05:36:00;0
06/28/22 05:37:00;0
06/28/22 05:38:00;0
06/28/22 05:40:00;19
06/28/22 05:41:00;58
06/28/22 05:42:00;19
06/28/22 05:43:00;12
06/28/22 05:44:00;32
06/28/22 05:45:00;9
06/28/22 05:46:00;0
06/28/22 05:47:00;0
06/28/22 05:48:00;0
06/28/22 05:49:00;0
06/28/22 05:50:00;37
06/28/22 05:51:00;4
06/28/22 05:52:00;0
06/28/22 05:53:00;33
06/28/22 05:54:00;59
06/28/22 05:55:00;23
06/28/22 05:56:00;0
06/28/22 05:57:00;39
06/28/22 05:58:00;35
06/28/22 05:59:00;9
06/28/22 06:00:00;37
06/28/22 06:01:00;0
06/28/22 06:02:00;0
06/28/22 06:03:00;0
06/28/22 06:04:00;0
06/28/22 06:05:00;0
06/28/22 06:06:00;0
06/28/22 06:09:00;0
06/28/22 06:10:00;58
06/28/22 06:11:00;11
06/28/22 06:21:00;72
06/28/22 06:22:00;84
06/28/22 06:23:00;30
06/28/22 06:24:00;49
06/28/22 06:25:00;18
06/28/22 06:26:00;0
06/28/22 06:31:00;32
06/28/22 06:32:00;22
06/28/22 06:34:00;7
06/28/22 06:35:00;0
06/28/22 06:36:00;0
06/28/22 06:37:00;0
06/28/22 06:39:00;0
06/28/22 06:41:00;0
06/28/22 06:42:00;0
06/28/22 06:45:00;0
06/28/22 06:46:00;0
06/28/22 06:47:00;0
06/28/22 06:48:00;0
06/28/22 06:49:00;8
06/28/22 06:50:00;0
06/28/22 06:51:00;0
06/28/22 06:52:00;0
06/28/22 06:53:00;0
06/28/22 06:55:00;0
06/28/22 06:57:00;0
06/28/22 06:58:00;16
06/28/22 06:59:00;7
06/28/22 07:00:00;0
06/28/22 07:01:00;4
06/28/22 07:02:00;0
06/28/22 07:03:00;0
06/28/22 07:04:00;0
06/28/22 07:05:00;0
06/28/22 07:06:00;0
06/28/22 07:07:00;0
06/28/22 07:08:00;8
06/28/22 07:09:00;26
06/28/22 07:10:00;7
06/28/22 07:11:00;20
06/28/22 07:12:00;36
06/28/22 07:13:00;0
06/28/22 07:14:00;66
06/28/22 07:15:00;84
06/28/22 07:16:00;103
06/28/22 07:17:00;96
06/28/22 07:18:00;102
06/28/22 07:19:00;100
06/28/22 07:20:00;78
06/28/22 07:21:00;16
06/28/22 07:22:00;0
06/28/22 07:23:00;0
06/28/22 07:24:00;0
06/28/22 07:25:00;0
06/28/22 07:26:00;0
06/28/22 07:27:00;0
06/28/22 07:28:00;0
06/28/22 07:29:00;0
06/28/22 07:30:00;0
06/28/22 07:31:00;0
06/28/22 07:32:00;0
06/28/22 07:33:00;0
06/28/22 07:34:00;0
06/28/22 07:35:00;45
06/28/22 07:36:00;67
06/28/22 07:37:00;15
06/28/22 07:38:00;0
06/28/22 07:39:00;48
06/28/22 07:40:00;38
06/28/22 07:41:00;0
06/28/22 07:42:00;58
06/28/22 07:43:00;88
06/28/22 07:44:00;93
06/28/22 07:45:00;59
06/28/22 07:46:00;45
06/28/22 07:47:00;0
06/28/22 07:48:00;10
06/28/22 07:49:00;6
06/28/22 07:50:00;9
06/28/22 07:51:00;0
06/28/22 07:52:00;18
06/28/22 07:53:00;15
06/28/22 07:54:00;0
06/28/22 07:55:00;0
06/28/22 07:56:00;0
06/28/22 07:57:00;19
06/28/22 07:58:00;0
06/28/22 07:59:00;0
06/28/22 08:00:00;0
06/28/22 08:01:00;6
06/28/22 08:02:00;0
06/28/22 08:03:00;0
06/28/22 08:04:00;0
06/28/22 08:05:00;0
06/28/22 08:06:00;0
06/28/22 08:07:00;0
06/28/22 08:08:00;0
06/28/22 08:09:00;0
06/28/22 08:10:00;0
06/28/22 08:11:00;12
06/28/22 08:12:00;0
06/28/22 08:13:00;0
06/28/22 08:14:00;26
06/28/22 08:15:00;0
06/28/22 08:16:00;0
06/28/22 08:17:00;0
06/28/22 08:18:00;0
06/28/22 08:19:00;0
06/28/22 08:20:00;0
06/28/22 08:21:00;7
06/28/22 08:22:00;12
06/28/22 08:23:00;0
06/28/22 08:24:00;0
06/28/22 08:25:00;0
06/28/22 08:26:00;0
06/28/22 08:27:00;0
06/28/22 08:28:00;7
06/28/22 08:29:00;0
06/28/22 08:30:00;0
06/28/22 08:31:00;0
06/28/22 08:32:00;0
06/28/22 08:33:00;7
06/28/22 08:34:00;0
06/28/22 08:35:00;0
06/28/22 08:36:00;0
06/28/22 08:37:00;23
06/28/22 08:38:00;0
06/28/22 08:39:00;6
06/28/22 08:40:00;0
06/28/22 08:41:00;0
06/28/22 08:42:00;10
06/28/22 08:43:00;0
06/28/22 08:44:00;0
06/28/22 08:45:00;0
06/28/22 08:46:00;0
06/28/22 08:47:00;10
06/28/22 08:48:00;7
06/28/22 08:49:00;0
06/28/22 08:50:00;5
06/28/22 08:51:00;0
06/28/22 08:53:00;20
06/28/22 08:54:00;8
06/28/22 08:55:00;5
06/28/22 08:56:00;42
06/28/22 08:57:00;12
06/28/22 08:58:00;0
06/28/22 08:59:00;0
06/28/22 09:00:00;0
06/28/22 09:01:00;26
06/28/22 09:02:00;11
06/28/22 09:03:00;12
06/28/22 09:04:00;4
06/28/22 09:05:00;0
06/28/22 09:06:00;7
06/28/22 09:07:00;8
06/28/22 09:08:00;0
06/28/22 09:09:00;0
06/28/22 09:10:00;0
06/28/22 09:11:00;0
06/28/22 09:12:00;0
06/28/22 09:13:00;7
06/28/22 09:14:00;43
06/28/22 09:15:00;50
06/28/22 09:16:00;7
06/28/22 09:17:00;8
06/28/22 09:18:00;4
06/28/22 09:19:00;0
06/28/22 09:20:00;11
06/28/22 09:21:00;3
06/28/22 09:22:00;0
06/28/22 09:23:00;7
06/28/22 09:24:00;10
06/28/22 09:25:00;17
06/28/22 09:26:00;0
06/28/22 09:27:00;17
06/28/22 09:28:00;0
06/28/22 09:30:00;0
06/28/22 09:31:00;16
06/28/22 09:32:00;0
06/28/22 09:33:00;0
06/28/22 09:35:00;0
06/28/22 09:39:00;6
06/28/22 09:40:00;10
06/28/22 09:41:00;8
06/28/22 09:42:00;0
06/28/22 09:43:00;24
06/28/22 09:44:00;4
06/28/22 09:45:00;0
06/28/22 09:46:00;9
06/28/22 09:47:00;14
06/28/22 09:48:00;0
06/28/22 09:49:00;10
06/28/22 09:50:00;9
06/28/22 09:51:00;0
06/28/22 09:52:00;0
06/28/22 09:53:00;9
06/28/22 09:54:00;49
06/28/22 09:55:00;45
06/28/22 09:56:00;0
06/28/22 09:57:00;0
06/28/22 09:58:00;0
06/28/22 10:00:00;0
06/28/22 10:01:00;13
06/28/22 10:02:00;0
06/28/22 10:03:00;0
06/28/22 10:04:00;0
06/28/22 10:05:00;41
06/28/22 10:06:00;62
06/28/22 10:07:00;37
06/28/22 10:08:00;31
06/28/22 10:09:00;51
06/28/22 10:10:00;79
06/28/22 10:11:00;106
06/28/22 10:12:00;103
06/28/22 10:13:00;100
06/28/22 10:14:00;93
06/28/22 10:15:00;39
06/28/22 10:16:00;23
06/28/22 10:17:00;0
06/28/22 10:18:00;0
06/28/22 10:19:00;0
06/28/22 10:20:00;11
06/28/22 10:21:00;18
06/28/22 10:22:00;0
06/28/22 10:23:00;10
06/28/22 10:24:00;0
06/28/22 10:25:00;45
06/28/22 10:26:00;33
06/28/22 10:27:00;13
06/28/22 10:28:00;31
06/28/22 10:29:00;5
06/28/22 10:30:00;0
06/28/22 10:31:00;0
06/28/22 10:32:00;0
06/28/22 10:33:00;0
06/28/22 10:34:00;0
06/28/22 10:35:00;0
06/28/22 10:36:00;30
06/28/22 10:37:00;12
06/28/22 10:38:00;0
06/28/22 10:39:00;8
06/28/22 10:40:00;6
06/28/22 10:41:00;11
06/28/22 10:42:00;13
06/28/22 10:43:00;15
06/28/22 10:44:00;0
06/28/22 10:45:00;0
06/28/22 10:46:00;13
06/28/22 10:47:00;7
06/28/22 10:48:00;0
06/28/22 10:53:00;37
06/28/22 10:54:00;0
06/28/22 10:55:00;9
06/28/22 10:56:00;0
06/28/22 10:57:00;12
06/28/22 10:58:00;7
06/28/22 10:59:00;0
06/28/22 11:00:00;0
06/28/22 11:01:00;0
06/28/22 11:02:00;0
06/28/22 11:03:00;0
06/28/22 11:04:00;0
06/28/22 11:05:00;6
06/28/22 11:06:00;0
06/28/22 11:07:00;0
06/28/22 11:08:00;0
06/28/22 11:18:00;0
06/28/22 11:19:00;0
06/28/22 11:21:00;6
06/28/22 11:22:00;0
06/28/22 11:23:00;0
06/28/22 11:25:00;0
06/28/22 11:26:00;0
06/28/22 11:27:00;0
06/28/22 11:28:00;0
06/28/22 11:29:00;10
06/28/22 11:30:00;14
06/28/22 11:31:00;0
06/28/22 11:32:00;0
06/28/22 11:33:00;0
06/28/22 11:34:00;6
06/28/22 11:35:00;22
06/28/22 11:36:00;0
06/28/22 11:37:00;0
06/28/22 11:38:00;0
06/28/22 11:39:00;0
06/28/22 11:40:00;11
06/28/22 11:41:00;0
06/28/22 11:43:00;0
06/28/22 11:44:00;0
06/28/22 11:45:00;6
06/28/22 11:46:00;0
06/28/22 11:47:00;4
06/28/22 11:48:00;7
06/28/22 11:49:00;32
06/28/22 11:50:00;38
06/28/22 11:57:00;0
06/28/22 11:58:00;0
06/28/22 12:00:00;0
06/28/22 12:04:00;0
06/28/22 12:05:00;0
06/28/22 12:06:00;0
06/28/22 12:07:00;0
06/28/22 12:09:00;0
06/28/22 12:11:00;0
06/28/22 12:12:00;0
06/28/22 12:13:00;0
06/28/22 12:15:00;0
06/28/22 12:16:00;0
06/28/22 12:17:00;0
06/28/22 12:18:00;0
06/28/22 12:19:00;14
06/28/22 12:20:00;11
06/28/22 12:21:00;0
06/28/22 12:22:00;0
06/28/22 12:23:00;28
06/28/22 12:24:00;0
06/28/22 12:25:00;9
06/28/22 12:26:00;8
06/28/22 12:27:00;10
06/28/22 12:28:00;6
06/28/22 12:29:00;7
06/28/22 12:30:00;6
06/28/22 12:31:00;7
06/28/22 12:32:00;0
06/28/22 12:33:00;17
06/28/22 12:34:00;0
06/28/22 12:35:00;6
06/28/22 12:36:00;4
06/28/22 12:37:00;0
06/28/22 12:38:00;9
06/28/22 12:39:00;0
06/28/22 12:40:00;6
06/28/22 12:41:00;0
06/28/22 12:42:00;0
06/28/22 12:43:00;0
06/28/22 12:44:00;16
06/28/22 12:45:00;9
06/28/22 12:46:00;11
06/28/22 12:47:00;0
06/28/22 12:48:00;46
06/28/22 12:49:00;23
06/28/22 12:50:00;13
06/28/22 12:51:00;0
06/28/22 12:52:00;14
06/28/22 12:53:00;27
06/28/22 12:54:00;6
06/28/22 12:55:00;0
06/28/22 12:56:00;8
06/28/22 12:57:00;9
06/28/22 12:58:00;17
06/28/22 12:59:00;7
06/28/22 13:00:00;18
06/28/22 13:01:00;12
06/28/22 13:02:00;18
06/28/22 13:03:00;36
06/28/22 13:04:00;0
06/28/22 13:08:00;0
06/28/22 13:10:00;18
06/28/22 13:11:00;22
06/28/22 13:12:00;6
06/28/22 13:13:00;30
06/28/22 13:14:00;0
06/28/22 13:16:00;0
06/28/22 13:20:00;6
06/28/22 13:24:00;0
06/28/22 13:25:00;0
06/28/22 13:29:00;0
06/28/22 13:30:00;0
06/28/22 13:31:00;0
06/28/22 13:34:00;0
06/28/22 13:35:00;0
06/28/22 13:38:00;0
06/28/22 13:44:00;39
06/28/22 13:46:00;0
06/28/22 13:47:00;0
06/28/22 13:49:00;0
06/28/22 13:59:00;0
06/28/22 14:00:00;0
06/28/22 14:07:00;0
06/28/22 14:08:00;0
06/28/22 14:25:00;0
06/28/22 14:28:00;0
06/28/22 14:29:00;5
06/28/22 14:36:00;9
06/28/22 14:37:00;37
06/28/22 14:38:00;34
06/28/22 14:39:00;14
06/28/22 14:40:00;0
06/28/22 14:41:00;0
06/28/22 14:42:00;0
06/28/22 14:43:00;6
06/28/22 14:44:00;0
06/28/22 14:45:00;0
06/28/22 14:46:00;9
06/28/22 14:47:00;19
06/28/22 14:49:00;0
06/28/22 14:53:00;0
06/28/22 15:17:00;13
06/28/22 15:19:00;17
06/28/22 15:20:00;0
06/28/22 15:22:00;9
06/28/22 15:23:00;5
06/28/22 15:29:00;0
06/28/22 15:34:00;0
06/28/22 15:36:00;0
06/28/22 15:40:00;0
06/28/22 15:41:00;0
06/28/22 16:21:00;0
06/28/22 16:22:00;0
06/28/22 17:01:00;0
06/28/22 17:02:00;12
06/28/22 17:52:00;0
06/28/22 18:08:00;0
06/28/22 18:22:00;0
06/28/22 18:31:00;0
06/28/22 18:41:00;0
06/28/22 18:46:00;0
06/28/22 18:47:00;12
06/28/22 18:53:00;0
06/28/22 19:08:00;11
06/28/22 19:49:00;0
06/28/22 20:02:00;0
06/28/22 20:13:00;9
06/28/22 20:14:00;0
06/28/22 20:30:00;0
06/28/22 21:01:00;0
06/28/22 21:29:00;0
06/28/22 21:33:00;0
06/28/22 21:35:00;0
06/28/22 21:36:00;19
06/28/22 21:38:00;0
06/28/22 22:21:00;0
06/28/22 22:22:00;0
06/28/22 22:23:00;0
06/28/22 22:24:00;0
06/28/22 22:25:00;0
06/28/22 22:26:00;13
06/28/22 22:27:00;7
06/28/22 22:28:00;3
06/28/22 22:29:00;0
06/28/22 22:32:00;0
06/28/22 22:33:00;34
06/28/22 22:34:00;23
06/28/22 22:35:00;0
06/28/22 22:36:00;0
06/28/22 22:37:00;0
06/28/22 22:38:00;0
06/28/22 22:39:00;0
06/28/22 22:40:00;0
06/28/22 22:41:00;0
06/28/22 22:42:00;0
06/28/22 22:43:00;0
06/28/22 22:44:00;0
06/28/22 22:45:00;0
06/28/22 22:46:00;0
06/28/22 22:53:00;0
06/28/22 23:01:00;0
06/28/22 23:02:00;0
06/28/22 23:08:00;9
06/28/22 23:09:00;7
06/28/22 23:14:00;13
06/28/22 23:15:00;15
06/28/22 23:16:00;0
06/28/22 23:17:00;16
06/28/22 23:18:00;0
06/28/22 23:21:00;0
06/28/22 23:22:00;0
06/28/22 23:23:00;0
06/28/22 23:24:00;0
06/28/22 23:25:00;7
06/28/22 23:26:00;35
06/28/22 23:27:00;7
06/28/22 23:28:00;25
06/28/22 23:29:00;2
06/28/22 23:30:00;0
06/28/22 23:31:00;7
06/28/22 23:32:00;0
06/28/22 23:33:00;8
06/28/22 23:34:00;0
06/28/22 23:35:00;0
06/28/22 23:36:00;0
06/28/22 23:37:00;0
06/28/22 23:38:00;0
06/28/22 23:39:00;0
06/28/22 23:40:00;0
06/28/22 23:41:00;14
06/28/22 23:42:00;0
06/28/22 23:43:00;0
06/28/22 23:44:00;7
06/28/22 23:45:00;16
06/28/22 23:46:00;0
06/28/22 23:47:00;29
06/28/22 23:48:00;0
06/28/22 23:49:00;0
06/28/22 23:50:00;14
06/28/22 23:51:00;0
06/28/22 23:52:00;6
06/28/22 23:53:00;0
06/28/22 23:54:00;0
06/28/22 23:56:00;4
06/28/22 23:58:00;0
06/28/22 23:59:00;0
06/29/22 00:00:00;0
06/29/22 00:02:00;0
06/29/22 00:05:00;0
06/29/22 00:07:00;42
06/29/22 00:08:00;0
06/29/22 00:09:00;0
06/29/22 00:10:00;0
06/29/22 00:13:00;0
06/29/22 00:14:00;26
06/29/22 00:15:00;35
06/29/22 00:16:00;36
06/29/22 00:17:00;0
06/29/22 00:18:00;0
06/29/22 00:19:00;0
06/29/22 00:20:00;0
06/29/22 00:21:00;31
06/29/22 00:22:00;12
06/29/22 00:23:00;12
06/29/22 00:24:00;25
06/29/22 00:25:00;11
06/29/22 00:26:00;0
06/29/22 00:27:00;0
06/29/22 00:28:00;4
06/29/22 00:29:00;0
06/29/22 00:30:00;0
06/29/22 00:31:00;7
06/29/22 00:32:00;11
06/29/22 00:33:00;0
06/29/22 00:35:00;0
06/29/22 00:36:00;6
06/29/22 00:37:00;0
06/29/22 01:04:00;8
06/29/22 01:05:00;41
06/29/22 01:06:00;35
06/29/22 01:07:00;14
06/29/22 01:08:00;8
06/29/22 01:09:00;19
06/29/22 01:10:00;30
06/29/22 01:11:00;20
06/29/22 01:12:00;24
06/29/22 01:13:00;59
06/29/22 01:14:00;106
06/29/22 01:15:00;110
06/29/22 01:16:00;113
06/29/22 01:17:00;86
06/29/22 01:18:00;96
06/29/22 01:19:00;82
06/29/22 01:20:00;100
06/29/22 01:21:00;114
06/29/22 01:22:00;70
06/29/22 01:23:00;70
06/29/22 01:24:00;52
06/29/22 01:25:00;39
06/29/22 01:26:00;27
06/29/22 01:27:00;0
06/29/22 01:28:00;0
06/29/22 01:29:00;0
06/29/22 01:30:00;0
06/29/22 01:31:00;24
06/29/22 01:32:00;9
06/29/22 01:33:00;5
06/29/22 01:34:00;0
06/29/22 01:35:00;0
06/29/22 01:36:00;0
06/29/22 01:37:00;0
06/29/22 01:38:00;0
06/29/22 01:39:00;0
06/29/22 01:40:00;0
06/29/22 01:41:00;0
06/29/22 01:42:00;0
06/29/22 01:43:00;0
06/29/22 01:44:00;0
06/29/22 01:45:00;0
06/29/22 01:46:00;0
06/29/22 01:47:00;0
06/29/22 01:48:00;0
06/29/22 01:49:00;0
06/29/22 01:50:00;0
06/29/22 01:51:00;7
06/29/22 01:52:00;0
06/29/22 01:53:00;8
06/29/22 01:54:00;0
06/29/22 01:55:00;0
06/29/22 01:56:00;9
06/29/22 01:57:00;13
06/29/22 01:58:00;0
06/29/22 01:59:00;0
06/29/22 02:00:00;0
06/29/22 02:01:00;0
06/29/22 02:02:00;12
06/29/22 02:03:00;0
06/29/22 02:04:00;0
06/29/22 02:05:00;0
06/29/22 02:06:00;17
06/29/22 02:07:00;23
06/29/22 02:08:00;8
06/29/22 02:09:00;12
06/29/22 02:10:00;0
06/29/22 02:11:00;34
06/29/22 02:12:00;17
06/29/22 02:13:00;14
06/29/22 02:14:00;1
06/29/22 02:15:00;0
06/29/22 02:16:00;0
06/29/22 02:17:00;0
06/29/22 02:18:00;0
06/29/22 02:19:00;0
06/29/22 02:20:00;37
06/29/22 02:21:00;25
06/29/22 02:22:00;54
06/29/22 02:23:00;0
06/29/22 02:24:00;0
06/29/22 02:25:00;5
06/29/22 02:26:00;15
06/29/22 02:27:00;64
06/29/22 02:28:00;13
06/29/22 02:29:00;52
06/29/22 02:30:00;67
06/29/22 02:31:00;7
06/29/22 02:32:00;0
06/29/22 02:33:00;18
06/29/22 02:34:00;72
06/29/22 02:35:00;97
06/29/22 02:36:00;42
06/29/22 02:37:00;42
06/29/22 02:38:00;38
06/29/22 02:39:00;13
06/29/22 02:40:00;24
06/29/22 02:41:00;80
06/29/22 02:42:00;25
06/29/22 02:43:00;0
06/29/22 02:44:00;0
06/29/22 02:45:00;52
06/29/22 02:46:00;47
06/29/22 02:47:00;36
06/29/22 02:48:00;11
06/29/22 02:49:00;53
06/29/22 02:50:00;0
06/29/22 02:51:00;9
06/29/22 02:52:00;0
06/29/22 02:53:00;0
06/29/22 02:54:00;0
06/29/22 02:55:00;15
06/29/22 02:56:00;11
06/29/22 02:57:00;9
06/29/22 02:58:00;0
06/29/22 02:59:00;0
06/29/22 03:00:00;0
06/29/22 03:01:00;0
06/29/22 03:02:00;30
06/29/22 03:03:00;96
06/29/22 03:04:00;17
06/29/22 03:05:00;25
06/29/22 03:06:00;9
06/29/22 03:07:00;11
06/29/22 03:08:00;28
06/29/22 03:09:00;25
06/29/22 03:10:00;18
06/29/22 03:11:00;41
06/29/22 03:12:00;0
06/29/22 03:13:00;0
06/29/22 03:14:00;0
06/29/22 03:15:00;9
06/29/22 03:16:00;23
06/29/22 03:17:00;0
06/29/22 03:18:00;0
06/29/22 03:19:00;26
06/29/22 03:20:00;0
06/29/22 03:21:00;0
06/29/22 03:22:00;0
06/29/22 03:23:00;27
06/29/22 03:24:00;0
06/29/22 03:25:00;0
06/29/22 03:26:00;0
06/29/22 03:27:00;0
06/29/22 03:29:00;0
06/29/22 03:32:00;0
06/29/22 03:33:00;0
06/29/22 03:34:00;0
06/29/22 03:35:00;0
06/29/22 03:36:00;0
06/29/22 03:37:00;0
06/29/22 03:38:00;0
06/29/22 03:41:00;0
06/29/22 03:42:00;0
06/29/22 03:43:00;0
06/29/22 03:44:00;0
06/29/22 03:45:00;0
06/29/22 03:46:00;0
06/29/22 03:50:00;0
06/29/22 03:51:00;0
06/29/22 03:52:00;0
06/29/22 03:53:00;27
06/29/22 03:54:00;0
06/29/22 03:55:00;0
06/29/22 03:57:00;0
06/29/22 03:58:00;0
06/29/22 03:59:00;0
06/29/22 04:00:00;0
06/29/22 04:01:00;0
06/29/22 04:02:00;0
06/29/22 04:03:00;8
06/29/22 04:04:00;0
06/29/22 04:05:00;0
06/29/22 04:06:00;4
06/29/22 04:07:00;0
06/29/22 04:08:00;0
06/29/22 04:09:00;0
06/29/22 04:10:00;12
06/29/22 04:11:00;9
06/29/22 04:12:00;68
06/29/22 04:13:00;8
06/29/22 04:14:00;0
06/29/22 04:15:00;8
06/29/22 04:16:00;0
06/29/22 04:17:00;13
06/29/22 04:18:00;48
06/29/22 04:19:00;10
06/29/22 04:20:00;0
06/29/22 04:21:00;0
06/29/22 04:22:00;9
06/29/22 04:23:00;0
06/29/22 04:24:00;0
06/29/22 04:25:00;0
06/29/22 04:26:00;0
06/29/22 04:27:00;0
06/29/22 04:28:00;0
06/29/22 04:29:00;0
06/29/22 04:30:00;0
06/29/22 04:31:00;0
06/29/22 04:32:00;7
06/29/22 04:33:00;0
06/29/22 04:34:00;0
06/29/22 04:36:00;0
06/29/22 04:37:00;0
06/29/22 04:42:00;0
06/29/22 04:43:00;0
06/29/22 04:44:00;0
06/29/22 04:46:00;9
06/29/22 04:47:00;9
06/29/22 04:48:00;14
06/29/22 04:49:00;17
06/29/22 04:50:00;13
06/29/22 04:51:00;9
06/29/22 04:52:00;22
06/29/22 04:53:00;0
06/29/22 04:54:00;0
06/29/22 04:55:00;0
06/29/22 04:56:00;0
06/29/22 04:57:00;0
06/29/22 04:58:00;57
06/29/22 04:59:00;15
06/29/22 05:00:00;7
06/29/22 05:01:00;11
06/29/22 05:02:00;7
06/29/22 05:03:00;0
06/29/22 05:04:00;0
06/29/22 05:05:00;13
06/29/22 05:06:00;0
06/29/22 05:07:00;0
06/29/22 05:08:00;0
06/29/22 05:09:00;4
06/29/22 05:10:00;0
06/29/22 05:11:00;0
06/29/22 05:12:00;6
06/29/22 05:13:00;0
06/29/22 05:14:00;0
06/29/22 05:16:00;5
06/29/22 05:17:00;27
06/29/22 05:18:00;0
06/29/22 05:19:00;0
06/29/22 05:20:00;19
06/29/22 05:21:00;0
06/29/22 05:22:00;32
06/29/22 05:23:00;0
06/29/22 05:24:00;0
06/29/22 05:25:00;0
06/29/22 05:26:00;49
06/29/22 05:27:00;36
06/29/22 05:28:00;0
06/29/22 05:29:00;0
06/29/22 05:30:00;33
06/29/22 05:31:00;12
06/29/22 05:32:00;4
06/29/22 05:33:00;25
06/29/22 05:34:00;22
06/29/22 05:35:00;65
06/29/22 05:36:00;97
06/29/22 05:37:00;50
06/29/22 05:38:00;38
06/29/22 05:39:00;57
06/29/22 05:40:00;44
06/29/22 05:41:00;28
06/29/22 05:42:00;9
06/29/22 05:43:00;26
06/29/22 05:44:00;70
06/29/22 05:45:00;65
06/29/22 05:46:00;63
06/29/22 05:47:00;96
06/29/22 05:48:00;74
06/29/22 05:49:00;24
06/29/22 05:50:00;53
06/29/22 05:51:00;0
06/29/22 05:52:00;0
06/29/22 05:53:00;51
06/29/22 05:54:00;85
06/29/22 05:55:00;70
06/29/22 05:56:00;54
06/29/22 05:57:00;28
06/29/22 05:58:00;48
06/29/22 05:59:00;0
06/29/22 06:00:00;9
06/29/22 06:01:00;19
06/29/22 06:02:00;24
06/29/22 06:03:00;19
06/29/22 06:04:00;0
06/29/22 06:05:00;8
06/29/22 06:06:00;0
06/29/22 06:07:00;12
06/29/22 06:08:00;21
06/29/22 06:09:00;10
06/29/22 06:10:00;0
06/29/22 06:11:00;0
06/29/22 06:12:00;0
06/29/22 06:13:00;0
06/29/22 06:14:00;0
06/29/22 06:15:00;0
06/29/22 06:16:00;0
06/29/22 06:17:00;0
06/29/22 06:18:00;0
06/29/22 06:19:00;0
06/29/22 06:20:00;0
06/29/22 06:21:00;38
06/29/22 06:22:00;17
06/29/22 06:23:00;0
06/29/22 06:26:00;0
06/29/22 06:27:00;0
06/29/22 06:28:00;0
06/29/22 06:29:00;0
06/29/22 06:30:00;0
06/29/22 06:31:00;0
06/29/22 06:32:00;0
06/29/22 06:33:00;0
06/29/22 06:34:00;0
06/29/22 06:38:00;0
06/29/22 06:39:00;0
06/29/22 06:40:00;14
06/29/22 06:41:00;8
06/29/22 06:42:00;0
06/29/22 06:43:00;0
06/29/22 06:46:00;0
06/29/22 06:47:00;0
06/29/22 06:49:00;0
06/29/22 06:54:00;0
06/29/22 07:05:00;10
06/29/22 07:07:00;0
06/29/22 07:16:00;0
06/29/22 07:18:00;0
06/29/22 07:45:00;0
06/29/22 07:54:00;0
06/29/22 07:55:00;15
06/29/22 07:56:00;0
06/29/22 07:57:00;10
06/29/22 08:11:00;0
06/29/22 08:52:00;0
06/29/22 08:56:00;0
06/29/22 09:07:00;0
06/29/22 09:42:00;0
06/29/22 09:48:00;0
06/29/22 10:01:00;0
06/29/22 10:02:00;0
06/29/22 10:06:00;0
06/29/22 10:07:00;0
06/29/22 10:08:00;0
06/29/22 10:11:00;0
06/29/22 10:12:00;0
06/29/22 10:13:00;7
06/29/22 10:14:00;0
06/29/22 10:15:00;0
06/29/22 10:16:00;0
06/29/22 10:17:00;0
06/29/22 10:18:00;0
06/29/22 10:20:00;0
06/29/22 10:34:00;0
06/29/22 10:35:00;0
06/29/22 10:36:00;0
06/29/22 10:37:00;0
06/29/22 10:38:00;0
06/29/22 10:39:00;0
06/29/22 10:41:00;6
06/29/22 10:42:00;30
06/29/22 10:43:00;25
06/29/22 10:44:00;22
06/29/22 10:45:00;0
06/29/22 10:46:00;0
06/29/22 10:47:00;0
06/29/22 10:48:00;0
06/29/22 10:49:00;0
06/29/22 10:50:00;0
06/29/22 10:51:00;0
06/29/22 10:55:00;0
06/29/22 10:56:00;0
06/29/22 10:57:00;0
06/29/22 10:59:00;14
06/29/22 11:01:00;19
06/29/22 11:02:00;18
06/29/22 11:03:00;0
06/29/22 11:04:00;0
06/29/22 11:08:00;0
06/29/22 11:14:00;0
06/29/22 11:15:00;0
06/29/22 11:16:00;0
06/29/22 11:17:00;0
06/29/22 11:18:00;0
06/29/22 11:23:00;0
06/29/22 11:24:00;0
06/29/22 11:25:00;0
06/29/22 11:30:00;0
06/29/22 11:31:00;11
06/29/22 11:32:00;0
06/29/22 11:36:00;17
06/29/22 11:37:00;10
06/29/22 11:38:00;5
06/29/22 11:39:00;7
06/29/22 11:40:00;0
06/29/22 11:42:00;12
06/29/22 11:43:00;7
06/29/22 11:44:00;0
06/29/22 11:45:00;0
06/29/22 11:46:00;6
06/29/22 11:48:00;0
06/29/22 11:50:00;31
06/29/22 11:51:00;0
06/29/22 11:55:00;7
06/29/22 11:56:00;7
06/29/22 11:57:00;0
06/29/22 11:58:00;0
06/29/22 11:59:00;0
06/29/22 12:02:00;0
06/29/22 12:03:00;0
06/29/22 12:06:00;0
06/29/22 12:07:00;22
06/29/22 12:08:00;4
06/29/22 12:12:00;8
06/29/22 12:13:00;0
06/29/22 12:14:00;0
06/29/22 12:15:00;7
06/29/22 12:20:00;20
06/29/22 12:21:00;0
06/29/22 12:22:00;0
06/29/22 12:23:00;0
06/29/22 12:25:00;0
06/29/22 12:26:00;0
06/29/22 12:27:00;0
06/29/22 12:29:00;0
06/29/22 12:30:00;0
06/29/22 12:31:00;0
06/29/22 12:36:00;0
06/29/22 12:37:00;4
06/29/22 12:45:00;14
06/29/22 12:46:00;0
06/29/22 12:47:00;14
06/29/22 22:22:00;11
06/29/22 22:23:00;6
06/29/22 22:24:00;0
06/29/22 22:25:00;4
06/29/22 22:26:00;10
06/29/22 22:28:00;0
06/29/22 22:31:00;4
06/29/22 22:32:00;0
06/29/22 22:33:00;0
06/29/22 22:39:00;0
06/29/22 22:41:00;0
06/29/22 22:47:00;0
06/29/22 22:49:00;0
06/29/22 22:51:00;0
06/29/22 23:03:00;0
06/29/22 23:31:00;15
06/29/22 23:32:00;12
06/29/22 23:33:00;18
06/29/22 23:34:00;7
06/29/22 23:35:00;17
06/29/22 23:36:00;0
06/29/22 23:37:00;0
06/29/22 23:38:00;0
06/29/22 23:39:00;0
06/29/22 23:40:00;0
06/29/22 23:41:00;0
06/29/22 23:44:00;14
06/29/22 23:45:00;12
06/29/22 23:47:00;0
06/29/22 23:50:00;20
06/29/22 23:51:00;8
06/29/22 23:52:00;7
06/29/22 23:53:00;13
06/29/22 23:54:00;24
06/29/22 23:55:00;10
06/29/22 23:56:00;14
06/29/22 23:57:00;0
06/29/22 23:58:00;0
06/29/22 23:59:00;6
06/30/22 00:00:00;0
06/30/22 00:01:00;0
06/30/22 00:02:00;10
06/30/22 00:03:00;11
06/30/22 00:04:00;0
06/30/22 00:05:00;0
06/30/22 00:06:00;0
06/30/22 00:07:00;5
06/30/22 00:08:00;11
06/30/22 00:09:00;4
06/30/22 00:10:00;10
06/30/22 00:11:00;0
06/30/22 00:12:00;7
06/30/22 00:13:00;20
06/30/22 00:14:00;14
06/30/22 00:15:00;4
06/30/22 00:16:00;4
06/30/22 00:17:00;8
06/30/22 00:18:00;0
06/30/22 00:19:00;4
06/30/22 00:20:00;9
06/30/22 00:21:00;0
06/30/22 00:22:00;0
06/30/22 00:23:00;0
06/30/22 00:24:00;0
06/30/22 00:25:00;0
06/30/22 00:26:00;0
06/30/22 00:27:00;0
06/30/22 00:28:00;0
06/30/22 00:29:00;5
06/30/22 00:30:00;5
06/30/22 00:31:00;5
06/30/22 00:32:00;0
06/30/22 00:33:00;0
06/30/22 00:34:00;0
06/30/22 00:35:00;0
06/30/22 00:36:00;28
06/30/22 00:37:00;27
06/30/22 00:38:00;9
06/30/22 00:39:00;0
06/30/22 00:40:00;5
06/30/22 00:41:00;0
06/30/22 00:45:00;22
06/30/22 00:46:00;16
06/30/22 00:47:00;35
06/30/22 00:48:00;13
06/30/22 00:49:00;0
06/30/22 00:50:00;22
06/30/22 00:51:00;25
06/30/22 00:52:00;19
06/30/22 00:53:00;8
06/30/22 00:54:00;8
06/30/22 00:55:00;0
06/30/22 00:56:00;9
06/30/22 00:57:00;12
06/30/22 00:58:00;8
06/30/22 00:59:00;10
06/30/22 01:00:00;24
06/30/22 01:01:00;27
06/30/22 01:02:00;13
06/30/22 01:03:00;0
06/30/22 01:04:00;34
06/30/22 01:05:00;20
06/30/22 01:06:00;14
06/30/22 01:07:00;13
06/30/22 01:08:00;0
06/30/22 01:09:00;37
06/30/22 01:10:00;89
06/30/22 01:11:00;104
06/30/22 01:12:00;115
06/30/22 01:13:00;102
06/30/22 01:14:00;90
06/30/22 01:15:00;73
06/30/22 01:16:00;29
06/30/22 01:17:00;63
06/30/22 01:18:00;92
06/30/22 01:19:00;56
06/30/22 01:20:00;84
06/30/22 01:21:00;5
06/30/22 01:22:00;0
06/30/22 01:23:00;0
06/30/22 01:24:00;17
06/30/22 01:25:00;27
06/30/22 01:26:00;45
06/30/22 01:27:00;10
06/30/22 01:28:00;0
06/30/22 01:29:00;0
06/30/22 01:30:00;9
06/30/22 01:31:00;0
06/30/22 01:32:00;8
06/30/22 01:33:00;0
06/30/22 01:34:00;0
06/30/22 01:35:00;18
06/30/22 01:36:00;10
06/30/22 01:37:00;24
06/30/22 01:38:00;0
06/30/22 01:39:00;0
06/30/22 01:40:00;0
06/30/22 01:41:00;6
06/30/22 01:42:00;0
06/30/22 01:43:00;0
06/30/22 01:44:00;0
06/30/22 01:45:00;0
06/30/22 01:46:00;4
06/30/22 01:47:00;40
06/30/22 01:48:00;47
06/30/22 01:49:00;1
06/30/22 01:50:00;48
06/30/22 01:51:00;12
06/30/22 01:52:00;39
06/30/22 01:53:00;0
06/30/22 01:54:00;0
06/30/22 01:55:00;0
06/30/22 01:56:00;0
06/30/22 01:57:00;0
06/30/22 01:58:00;0
06/30/22 01:59:00;0
06/30/22 02:00:00;6
06/30/22 02:01:00;0
06/30/22 02:02:00;0
06/30/22 02:03:00;0
06/30/22 02:04:00;0
06/30/22 02:05:00;0
06/30/22 02:06:00;0
06/30/22 02:07:00;0
06/30/22 02:08:00;0
06/30/22 02:09:00;0
06/30/22 02:10:00;0
06/30/22 02:11:00;5
06/30/22 02:12:00;0
06/30/22 02:13:00;0
06/30/22 02:14:00;14
06/30/22 02:15:00;4
06/30/22 02:16:00;9
06/30/22 02:17:00;4
06/30/22 02:18:00;10
06/30/22 02:19:00;6
06/30/22 02:20:00;0
06/30/22 02:21:00;0
06/30/22 02:22:00;0
06/30/22 02:23:00;14
06/30/22 02:24:00;10
06/30/22 02:25:00;0
06/30/22 02:26:00;0
06/30/22 02:27:00;0
06/30/22 02:28:00;0
06/30/22 02:29:00;0
06/30/22 02:30:00;0
06/30/22 02:31:00;0
06/30/22 02:33:00;0
06/30/22 02:34:00;0
06/30/22 02:35:00;34
06/30/22 02:36:00;18
06/30/22 02:37:00;17
06/30/22 02:38:00;0
06/30/22 02:39:00;8
06/30/22 02:40:00;0
06/30/22 02:41:00;18
06/30/22 02:42:00;7
06/30/22 02:43:00;16
06/30/22 02:44:00;14
06/30/22 02:45:00;13
06/30/22 02:46:00;0
06/30/22 02:47:00;6
06/30/22 02:48:00;7
06/30/22 02:49:00;0
06/30/22 02:51:00;0
06/30/22 02:52:00;0
06/30/22 02:53:00;0
06/30/22 02:54:00;0
06/30/22 02:55:00;0
06/30/22 02:56:00;0
06/30/22 02:57:00;0
06/30/22 02:58:00;0
06/30/22 02:59:00;0
06/30/22 03:00:00;0
06/30/22 03:01:00;0
06/30/22 03:02:00;0
06/30/22 03:03:00;0
06/30/22 03:04:00;0
06/30/22 03:05:00;16
06/30/22 03:06:00;57
06/30/22 03:07:00;61
06/30/22 03:08:00;41
06/30/22 03:09:00;9
06/30/22 03:10:00;0
06/30/22 03:11:00;6
06/30/22 03:12:00;10
06/30/22 03:13:00;20
06/30/22 03:14:00;0
06/30/22 03:15:00;0
06/30/22 03:16:00;0
06/30/22 03:17:00;0
06/30/22 03:18:00;0
06/30/22 03:19:00;0
06/30/22 03:20:00;0
06/30/22 03:22:00;0
06/30/22 03:23:00;0
06/30/22 03:24:00;24
06/30/22 03:25:00;0
06/30/22 03:26:00;0
06/30/22 03:27:00;55
06/30/22 03:28:00;28
06/30/22 03:29:00;17
06/30/22 03:30:00;0
06/30/22 03:31:00;0
06/30/22 03:32:00;0
06/30/22 03:33:00;0
06/30/22 03:34:00;0
06/30/22 03:35:00;0
06/30/22 03:36:00;8
06/30/22 03:37:00;0
06/30/22 03:38:00;16
06/30/22 03:41:00;0
06/30/22 03:43:00;6
06/30/22 03:44:00;0
06/30/22 03:45:00;0
06/30/22 03:46:00;0
06/30/22 03:47:00;0
06/30/22 03:48:00;0
06/30/22 03:49:00;0
06/30/22 03:50:00;0
06/30/22 03:51:00;11
06/30/22 03:52:00;14
06/30/22 03:53:00;4
06/30/22 03:54:00;0
06/30/22 03:55:00;0
06/30/22 03:56:00;0
06/30/22 03:57:00;8
06/30/22 03:58:00;0
06/30/22 03:59:00;0
06/30/22 04:00:00;0
06/30/22 04:01:00;0
06/30/22 04:02:00;0
06/30/22 04:03:00;0
06/30/22 04:04:00;0
06/30/22 04:05:00;9
06/30/22 04:06:00;0
06/30/22 04:07:00;0
06/30/22 04:08:00;0
06/30/22 04:09:00;0
06/30/22 04:10:00;0
06/30/22 04:11:00;0
06/30/22 04:12:00;0
06/30/22 04:13:00;0
06/30/22 04:14:00;8
06/30/22 04:15:00;0
06/30/22 04:17:00;0
06/30/22 04:18:00;0
06/30/22 04:19:00;0
06/30/22 04:20:00;0
06/30/22 04:21:00;0
06/30/22 04:22:00;0
06/30/22 04:23:00;0
06/30/22 04:24:00;0
06/30/22 04:25:00;0
06/30/22 04:26:00;0
06/30/22 04:27:00;0
06/30/22 04:28:00;0
06/30/22 04:29:00;0
06/30/22 04:30:00;0
06/30/22 04:31:00;0
06/30/22 04:32:00;8
06/30/22 04:33:00;0
06/30/22 04:34:00;0
06/30/22 04:35:00;0
06/30/22 04:36:00;0
06/30/22 04:37:00;14
06/30/22 04:39:00;0
06/30/22 04:40:00;0
06/30/22 04:41:00;0
06/30/22 04:42:00;0
06/30/22 04:43:00;0
06/30/22 04:44:00;4
06/30/22 04:45:00;0
06/30/22 04:46:00;0
06/30/22 04:47:00;0
06/30/22 04:48:00;0
06/30/22 04:49:00;0
06/30/22 04:50:00;0
06/30/22 04:51:00;0
06/30/22 04:52:00;0
06/30/22 04:53:00;0
06/30/22 04:54:00;0
06/30/22 04:55:00;28
06/30/22 04:56:00;17
06/30/22 04:58:00;0
06/30/22 04:59:00;23
06/30/22 05:00:00;24
06/30/22 05:01:00;10
06/30/22 05:02:00;6
06/30/22 05:03:00;5
06/30/22 05:04:00;0
06/30/22 05:05:00;0
06/30/22 05:06:00;0
06/30/22 05:07:00;0
06/30/22 05:08:00;0
06/30/22 05:09:00;0
06/30/22 05:10:00;0
06/30/22 05:11:00;0
06/30/22 05:12:00;0
06/30/22 05:13:00;0
06/30/22 05:14:00;0
06/30/22 05:15:00;0
06/30/22 05:16:00;29
06/30/22 05:17:00;11
06/30/22 05:18:00;0
06/30/22 05:19:00;0
06/30/22 05:20:00;0
06/30/22 05:21:00;0
06/30/22 05:22:00;16
06/30/22 05:23:00;39
06/30/22 05:24:00;51
06/30/22 05:25:00;30
06/30/22 05:26:00;14
06/30/22 05:27:00;0
06/30/22 05:28:00;0
06/30/22 05:29:00;38
06/30/22 05:30:00;8
06/30/22 05:31:00;13
06/30/22 05:32:00;29
06/30/22 05:33:00;17
06/30/22 05:34:00;9
06/30/22 05:35:00;0
06/30/22 05:36:00;0
06/30/22 05:37:00;0
06/30/22 05:38:00;0
06/30/22 05:39:00;0
06/30/22 05:40:00;0
06/30/22 05:41:00;0
06/30/22 05:42:00;13
06/30/22 05:43:00;35
06/30/22 05:44:00;27
06/30/22 05:45:00;24
06/30/22 05:46:00;24
06/30/22 05:47:00;0
06/30/22 05:48:00;0
06/30/22 05:49:00;17
06/30/22 05:50:00;0
06/30/22 05:51:00;0
06/30/22 05:52:00;0
06/30/22 05:54:00;0
06/30/22 05:55:00;0
06/30/22 05:56:00;0
06/30/22 05:58:00;0
06/30/22 05:59:00;0
06/30/22 06:00:00;0
06/30/22 06:01:00;0
06/30/22 06:02:00;0
06/30/22 06:03:00;0
06/30/22 06:04:00;0
06/30/22 06:05:00;0
06/30/22 06:06:00;0
06/30/22 06:07:00;0
06/30/22 06:08:00;0
06/30/22 06:09:00;0
06/30/22 06:10:00;0
06/30/22 06:11:00;0
06/30/22 06:12:00;0
06/30/22 06:13:00;0
06/30/22 06:14:00;0
06/30/22 06:15:00;0
06/30/22 06:16:00;0
06/30/22 06:17:00;0
06/30/22 06:18:00;0
06/30/22 06:19:00;0
06/30/22 06:20:00;0
06/30/22 06:21:00;0
06/30/22 06:22:00;0
06/30/22 06:23:00;0
06/30/22 06:24:00;0
06/30/22 06:25:00;0
06/30/22 06:26:00;0
06/30/22 06:27:00;0
06/30/22 06:28:00;0
06/30/22 06:29:00;0
06/30/22 06:30:00;0
06/30/22 06:31:00;0
06/30/22 06:32:00;4
06/30/22 06:33:00;0
06/30/22 06:34:00;0
06/30/22 06:35:00;0
06/30/22 06:36:00;0
06/30/22 06:37:00;0
06/30/22 06:38:00;0
06/30/22 06:39:00;0
06/30/22 06:40:00;0
06/30/22 06:41:00;0
06/30/22 06:42:00;0
06/30/22 06:43:00;6
06/30/22 06:44:00;10
06/30/22 06:45:00;0
06/30/22 06:46:00;0
06/30/22 06:47:00;0
06/30/22 06:48:00;0
06/30/22 06:49:00;0
06/30/22 06:50:00;0
06/30/22 06:51:00;0
06/30/22 06:52:00;0
06/30/22 06:53:00;0
06/30/22 06:54:00;11
06/30/22 06:55:00;19
06/30/22 06:56:00;0
06/30/22 06:57:00;0
06/30/22 06:58:00;0
06/30/22 06:59:00;0
06/30/22 07:00:00;0
06/30/22 07:01:00;0
06/30/22 07:02:00;0
06/30/22 07:03:00;5
06/30/22 07:04:00;27
06/30/22 07:05:00;62
06/30/22 07:06:00;37
06/30/22 07:07:00;9
06/30/22 07:08:00;20
06/30/22 07:09:00;15
06/30/22 07:10:00;8
06/30/22 07:11:00;27
06/30/22 07:12:00;0
06/30/22 07:13:00;0
06/30/22 07:14:00;0
06/30/22 07:15:00;0
06/30/22 07:16:00;0
06/30/22 07:17:00;0
06/30/22 07:18:00;0
06/30/22 07:19:00;0
06/30/22 07:20:00;7
06/30/22 07:21:00;0
06/30/22 07:22:00;0
06/30/22 07:23:00;0
06/30/22 07:24:00;0
06/30/22 07:25:00;0
06/30/22 07:26:00;0
06/30/22 07:27:00;0
06/30/22 07:28:00;0
06/30/22 07:29:00;10
06/30/22 07:30:00;11
06/30/22 07:31:00;1
06/30/22 07:32:00;0
06/30/22 07:33:00;15
06/30/22 07:34:00;0
06/30/22 07:35:00;0
06/30/22 07:36:00;0
06/30/22 07:37:00;0
06/30/22 07:38:00;0
06/30/22 07:39:00;7
06/30/22 07:40:00;17
06/30/22 07:41:00;31
06/30/22 07:42:00;0
06/30/22 07:43:00;0
06/30/22 07:44:00;0
06/30/22 07:45:00;4
06/30/22 07:46:00;0
06/30/22 07:47:00;0
06/30/22 07:48:00;0
06/30/22 07:49:00;0
06/30/22 07:50:00;0
06/30/22 07:51:00;0
06/30/22 07:52:00;0
06/30/22 07:53:00;0
06/30/22 07:54:00;0
06/30/22 07:55:00;0
06/30/22 07:56:00;0
06/30/22 07:57:00;0
06/30/22 07:58:00;0
06/30/22 07:59:00;0
06/30/22 08:00:00;0
06/30/22 08:01:00;0
06/30/22 08:02:00;12
06/30/22 08:03:00;55
06/30/22 08:04:00;39
06/30/22 08:05:00;0
06/30/22 08:06:00;12
06/30/22 08:07:00;23
06/30/22 08:08:00;30
06/30/22 08:09:00;0
06/30/22 08:10:00;35
06/30/22 08:11:00;0
06/30/22 08:12:00;16
06/30/22 08:13:00;26
06/30/22 08:14:00;0
06/30/22 08:15:00;0
06/30/22 08:16:00;0
06/30/22 08:17:00;4
06/30/22 08:18:00;0
06/30/22 08:19:00;0
06/30/22 08:20:00;15
06/30/22 08:21:00;0
06/30/22 08:22:00;0
06/30/22 08:23:00;0
06/30/22 08:24:00;4
06/30/22 08:25:00;0
06/30/22 08:26:00;0
06/30/22 08:27:00;0
06/30/22 08:28:00;23
06/30/22 08:29:00;65
06/30/22 08:30:00;79
06/30/22 08:31:00;11
06/30/22 08:32:00;9
06/30/22 08:33:00;0
06/30/22 08:34:00;8
06/30/22 08:35:00;0
06/30/22 08:36:00;0
06/30/22 08:37:00;0
06/30/22 08:38:00;0
06/30/22 08:39:00;0
06/30/22 08:40:00;9
06/30/22 08:41:00;0
06/30/22 08:42:00;0
06/30/22 08:43:00;39
06/30/22 08:44:00;0
06/30/22 08:45:00;0
06/30/22 08:46:00;0
06/30/22 08:48:00;8
06/30/22 08:49:00;0
06/30/22 08:50:00;0
06/30/22 08:51:00;0
06/30/22 08:52:00;0
06/30/22 08:53:00;0
06/30/22 08:54:00;0
06/30/22 08:55:00;0
06/30/22 08:56:00;5
06/30/22 08:57:00;0
06/30/22 08:58:00;0
06/30/22 08:59:00;0
06/30/22 09:00:00;0
06/30/22 09:01:00;0
06/30/22 09:02:00;0
06/30/22 09:03:00;0
06/30/22 09:04:00;31
06/30/22 09:05:00;0
06/30/22 09:06:00;0
06/30/22 09:07:00;0
06/30/22 09:08:00;16
06/30/22 09:09:00;43
06/30/22 09:10:00;17
06/30/22 09:11:00;6
06/30/22 09:12:00;34
06/30/22 09:13:00;0
06/30/22 09:14:00;0
06/30/22 09:15:00;21
06/30/22 09:16:00;0
06/30/22 09:17:00;0
06/30/22 09:18:00;25
06/30/22 09:19:00;2
06/30/22 09:20:00;21
06/30/22 09:21:00;0
06/30/22 09:22:00;0
06/30/22 09:23:00;0
06/30/22 09:24:00;16
06/30/22 09:25:00;18
06/30/22 09:26:00;0
06/30/22 09:27:00;0
06/30/22 09:36:00;0
06/30/22 09:47:00;0
06/30/22 09:58:00;25
06/30/22 09:59:00;37
06/30/22 10:00:00;26
06/30/22 10:01:00;0
06/30/22 10:02:00;0
06/30/22 10:03:00;0
06/30/22 10:04:00;0
06/30/22 10:05:00;0
06/30/22 10:06:00;0
06/30/22 10:07:00;0
06/30/22 10:08:00;0
06/30/22 10:09:00;0
06/30/22 10:10:00;0
06/30/22 10:11:00;0
06/30/22 10:12:00;0
06/30/22 10:13:00;7
06/30/22 10:14:00;7
06/30/22 10:15:00;0
06/30/22 10:16:00;4
06/30/22 10:17:00;2
06/30/22 10:19:00;0
06/30/22 10:20:00;21
06/30/22 10:21:00;0
06/30/22 10:22:00;0
06/30/22 10:23:00;0
06/30/22 10:24:00;0
06/30/22 10:25:00;0
06/30/22 10:27:00;0
06/30/22 10:28:00;0
06/30/22 10:29:00;0
06/30/22 10:30:00;0
06/30/22 10:31:00;0
06/30/22 10:32:00;0
06/30/22 10:33:00;0
06/30/22 10:34:00;7
06/30/22 10:37:00;0
06/30/22 10:38:00;0
06/30/22 10:39:00;0
06/30/22 10:40:00;6
06/30/22 10:41:00;0
06/30/22 10:42:00;8
06/30/22 10:43:00;0
06/30/22 10:44:00;0
06/30/22 10:45:00;0
06/30/22 10:46:00;0
06/30/22 10:47:00;0
06/30/22 10:48:00;0
06/30/22 10:50:00;6
06/30/22 10:51:00;0
06/30/22 10:52:00;7
06/30/22 10:53:00;29
06/30/22 10:54:00;0
06/30/22 10:55:00;0
06/30/22 10:56:00;0
06/30/22 10:57:00;0
06/30/22 10:58:00;0
06/30/22 11:00:00;0
06/30/22 11:01:00;0
06/30/22 11:02:00;0
06/30/22 11:03:00;7
06/30/22 11:04:00;0
06/30/22 11:05:00;0
06/30/22 11:06:00;0
06/30/22 11:07:00;0
06/30/22 11:08:00;0
06/30/22 11:09:00;0
06/30/22 11:10:00;0
06/30/22 11:11:00;0
06/30/22 11:12:00;0
06/30/22 11:14:00;7
06/30/22 11:16:00;0
06/30/22 11:17:00;0
06/30/22 11:18:00;0
06/30/22 11:19:00;0
06/30/22 11:20:00;0
06/30/22 11:21:00;0
06/30/22 11:22:00;0
06/30/22 11:23:00;8
06/30/22 12:53:00;0
06/30/22 12:54:00;4
06/30/22 12:55:00;0
06/30/22 12:56:00;0
06/30/22 13:02:00;0
06/30/22 13:04:00;0
06/30/22 13:05:00;0
06/30/22 13:06:00;10
06/30/22 13:07:00;16
06/30/22 13:08:00;0
06/30/22 13:09:00;0
06/30/22 13:10:00;7
06/30/22 13:11:00;0
06/30/22 13:12:00;28
06/30/22 13:13:00;0
06/30/22 13:14:00;0
06/30/22 13:15:00;0
06/30/22 13:16:00;0
06/30/22 13:17:00;0
06/30/22 13:18:00;0
06/30/22 13:20:00;10
06/30/22 13:21:00;0
06/30/22 13:22:00;0
06/30/22 13:23:00;0
06/30/22 13:24:00;11
06/30/22 13:25:00;50
06/30/22 13:26:00;0
06/30/22 13:27:00;0
06/30/22 13:28:00;0
06/30/22 13:29:00;25
06/30/22 13:34:00;0
06/30/22 13:35:00;0
06/30/22 13:38:00;0
06/30/22 13:39:00;0
06/30/22 13:40:00;0
06/30/22 13:42:00;0
06/30/22 13:43:00;0
06/30/22 13:53:00;0
06/30/22 14:04:00;0
06/30/22 14:07:00;0
06/30/22 14:11:00;0
06/30/22 14:12:00;0
06/30/22 14:13:00;6
06/30/22 14:21:00;0
06/30/22 14:22:00;24
06/30/22 14:23:00;0
06/30/22 14:24:00;0
06/30/22 14:25:00;5
06/30/22 14:26:00;0
06/30/22 14:27:00;0
06/30/22 14:28:00;6
06/30/22 14:29:00;17
06/30/22 14:30:00;9
06/30/22 14:31:00;6
06/30/22 14:32:00;0
06/30/22 14:33:00;4
06/30/22 14:34:00;0
06/30/22 14:35:00;0
06/30/22 14:36:00;0
06/30/22 14:39:00;0
06/30/22 14:40:00;0
06/30/22 14:41:00;0
06/30/22 14:42:00;0
06/30/22 14:43:00;0
06/30/22 14:45:00;0
06/30/22 14:46:00;0
06/30/22 14:48:00;0
06/30/22 14:51:00;0
06/30/22 14:59:00;0
06/30/22 15:00:00;0
06/30/22 15:01:00;13
06/30/22 15:02:00;10
06/30/22 15:03:00;10
06/30/22 15:04:00;5
06/30/22 15:05:00;8
06/30/22 15:06:00;0
06/30/22 15:08:00;0
06/30/22 15:16:00;0
06/30/22 15:17:00;0
06/30/22 15:18:00;30
06/30/22 15:19:00;0
06/30/22 15:23:00;8
06/30/22 15:24:00;4
06/30/22 15:25:00;7
06/30/22 15:26:00;9
06/30/22 15:27:00;0
06/30/22 15:28:00;0
06/30/22 15:30:00;0
06/30/22 15:31:00;0
06/30/22 15:32:00;41
06/30/22 15:33:00;49
06/30/22 15:35:00;0
06/30/22 15:36:00;0
06/30/22 15:45:00;0
06/30/22 15:46:00;0
06/30/22 15:47:00;0
06/30/22 15:48:00;0
06/30/22 15:51:00;0
06/30/22 15:54:00;0
06/30/22 15:55:00;0
06/30/22 15:56:00;0
06/30/22 15:57:00;0
06/30/22 15:58:00;8
06/30/22 15:59:00;0
06/30/22 16:01:00;0
06/30/22 16:02:00;0
06/30/22 16:03:00;0
06/30/22 16:04:00;0
06/30/22 16:07:00;0
06/30/22 16:09:00;6
06/30/22 16:12:00;0
06/30/22 16:29:00;0
06/30/22 16:47:00;10
06/30/22 17:13:00;9
06/30/22 17:20:00;0
06/30/22 17:21:00;0
06/30/22 17:48:00;0
06/30/22 17:59:00;0
06/30/22 18:41:00;0
06/30/22 18:47:00;0
06/30/22 18:50:00;0
06/30/22 19:25:00;9
06/30/22 19:52:00;0
06/30/22 19:54:00;0
06/30/22 20:16:00;0
06/30/22 20:17:00;0
06/30/22 20:20:00;0
06/30/22 20:32:00;0
06/30/22 21:53:00;0
06/30/22 21:58:00;0
06/30/22 22:01:00;0
06/30/22 22:03:00;0
06/30/22 22:08:00;0
06/30/22 22:09:00;0
06/30/22 22:20:00;0
06/30/22 22:22:00;0
06/30/22 22:23:00;9
06/30/22 22:24:00;0
06/30/22 22:25:00;0
06/30/22 22:26:00;0
06/30/22 22:27:00;0
06/30/22 23:36:00;0
06/30/22 23:37:00;0
06/30/22 23:39:00;25
06/30/22 23:40:00;0
06/30/22 23:41:00;10
06/30/22 23:42:00;23
06/30/22 23:43:00;20
06/30/22 23:44:00;18
06/30/22 23:45:00;34
06/30/22 23:46:00;31
06/30/22 23:47:00;4
06/30/22 23:48:00;0
06/30/22 23:49:00;0
06/30/22 23:51:00;0
06/30/22 23:52:00;18
06/30/22 23:53:00;7
06/30/22 23:54:00;11
06/30/22 23:55:00;42
06/30/22 23:56:00;22
06/30/22 23:57:00;15
06/30/22 23:58:00;27
06/30/22 23:59:00;21
