DateTime,BPM,Target,RHR,steps
2022-06-25 00:00:03,89,0,70,0
2022-06-25 00:00:08,88,0,70,0
2022-06-25 00:00:13,87,0,70,0
2022-06-25 00:00:28,89,0,70,49
2022-06-25 00:00:33,86,0,70,2
2022-06-25 00:00:48,86,0,70,19
2022-06-25 00:00:58,87,0,70,69
2022-06-25 00:01:03,86,0,70,95
2022-06-25 00:01:08,84,0,70,106
2022-06-25 00:01:18,85,0,70,101
2022-06-25 00:01:23,84,0,70,107
2022-06-25 00:01:28,85,0,70,104
2022-06-25 00:01:33,86,0,70,110
2022-06-25 00:01:38,87,0,70,102
2022-06-25 00:01:48,88,0,70,98
2022-06-25 00:01:58,89,0,70,107
2022-06-25 00:02:03,90,0,70,96
2022-06-25 00:02:13,91,0,70,96
2022-06-25 00:02:18,93,0,70,100
2022-06-25 00:02:23,93,0,70,103
2022-06-25 00:02:28,92,0,70,105
2022-06-25 00:02:33,91,0,70,103
2022-06-25 00:02:43,92,0,70,101
2022-06-25 00:02:58,92,0,70,103
2022-06-25 00:03:08,93,0,70,101
2022-06-25 00:03:13,92,0,70,104
2022-06-25 00:03:23,91,0,70,98
2022-06-25 00:03:28,90,0,70,100
2022-06-25 00:03:43,90,0,70,104
2022-06-25 00:03:58,91,0,70,100
2022-06-25 00:04:08,94,0,70,97
2022-06-25 00:04:13,97,0,70,97
2022-06-25 00:04:18,98,0,70,102
2022-06-25 00:04:23,96,0,70,94
2022-06-25 00:04:33,95,0,70,104
2022-06-25 00:04:38,94,0,70,99
2022-06-25 00:05:03,93,0,70,95
2022-06-25 00:05:08,101,0,70,88
2022-06-25 00:05:13,105,0,70,83
2022-06-25 00:05:18,103,0,70,79
2022-06-25 00:05:27,101,0,70,89
2022-06-25 00:05:42,100,0,70,94
2022-06-25 00:05:47,101,0,70,80
2022-06-25 00:05:52,101,0,70,78
2022-06-25 00:06:09,101,0,70,94
2022-06-25 00:06:12,101,0,70,91
2022-06-25 00:06:14,100,0,70,96
2022-06-25 00:06:17,100,0,70,87
2022-06-25 00:06:20,100,0,70,98
2022-06-25 00:06:23,100,0,70,93
2022-06-25 00:06:32,100,0,70,49
2022-06-25 00:06:34,99,0,70,17
2022-06-25 00:06:37,98,0,70,15
2022-06-25 00:06:40,98,0,70,52
2022-06-25 00:06:41,99,0,70,38
2022-06-25 00:06:42,100,0,70,26
2022-06-25 00:06:44,99,0,70,0
2022-06-25 00:06:45,98,0,70,21
2022-06-25 00:06:46,97,0,70,16
2022-06-25 00:06:48,96,0,70,30
2022-06-25 00:06:51,96,0,70,9
2022-06-25 00:06:52,97,0,70,0
2022-06-25 00:06:54,98,0,70,0
2022-06-25 00:06:59,100,0,70,0
2022-06-25 00:07:02,100,0,70,15
2022-06-25 00:07:03,101,0,70,42
2022-06-25 00:07:04,101,0,70,51
2022-06-25 00:07:05,102,0,70,0
2022-06-25 00:07:06,103,0,70,25
2022-06-25 00:07:09,103,0,70,11
2022-06-25 00:07:11,102,0,70,31
2022-06-25 00:07:15,101,0,70,57
2022-06-25 00:07:18,101,0,70,13
2022-06-25 00:07:20,100,0,70,34
2022-06-25 00:07:24,99,0,70,5
2022-06-25 00:07:31,100,0,70,11
2022-06-25 00:07:32,101,0,70,9
2022-06-25 00:07:37,103,0,70,0
2022-06-25 00:07:41,104,0,70,0
2022-06-25 00:07:43,105,0,70,0
2022-06-25 00:07:45,106,0,70,0
2022-06-25 00:07:46,107,0,70,43
2022-06-25 00:07:48,108,0,70,70
2022-06-25 00:07:50,108,0,70,51
2022-06-25 00:07:51,107,0,70,24
2022-06-25 00:08:00,107,0,70,11
2022-06-25 00:08:01,108,0,70,0
2022-06-25 00:08:08,107,0,70,0
2022-06-25 00:08:19,106,0,70,7
2022-06-25 00:08:25,105,0,70,19
2022-06-25 00:08:26,104,0,70,2
2022-06-25 00:08:27,105,0,70,17
2022-06-25 00:08:30,105,0,70,6
2022-06-25 00:08:36,101,0,70,0
2022-06-25 00:09:08,107,0,70,6
2022-06-25 00:09:09,108,0,70,12
2022-06-25 00:09:10,109,0,70,0
2022-06-25 00:09:11,110,0,70,5
2022-06-25 00:09:14,110,0,70,6
2022-06-25 00:09:17,108,0,70,5
2022-06-25 00:09:21,109,0,70,9
2022-06-25 00:09:25,111,0,70,7
2022-06-25 00:09:28,110,0,70,0
2022-06-25 00:09:37,106,0,70,8
2022-06-25 00:09:45,103,0,70,16
2022-06-25 00:09:49,101,0,70,34
2022-06-25 00:09:52,101,0,70,27
2022-06-25 00:09:53,100,0,70,12
2022-06-25 00:09:56,102,0,70,4
2022-06-25 00:10:12,105,0,70,4
2022-06-25 00:10:17,109,0,70,10
2022-06-25 00:10:19,111,0,70,0
2022-06-25 00:10:20,112,0,70,0
2022-06-25 00:10:34,110,0,70,7
2022-06-25 00:10:39,111,0,70,23
2022-06-25 00:11:01,107,0,70,4
2022-06-25 00:11:04,106,0,70,5
2022-06-25 00:11:06,105,0,70,7
2022-06-25 00:11:17,104,0,70,4
2022-06-25 00:11:23,107,0,70,14
2022-06-25 00:11:40,105,0,70,44
2022-06-25 00:11:42,106,0,70,16
2022-06-25 00:11:50,106,0,70,9
2022-06-25 00:12:07,111,0,70,13
2022-06-25 00:12:10,113,0,70,0
2022-06-25 00:12:13,116,0,70,7
2022-06-25 00:12:15,115,0,70,0
2022-06-25 00:12:16,116,0,70,6
2022-06-25 00:12:19,117,0,70,35
2022-06-25 00:12:22,117,0,70,24
2022-06-25 00:12:25,117,0,70,7
2022-06-25 00:12:28,117,0,70,9
2022-06-25 00:12:30,118,0,70,0
2022-06-25 00:12:35,119,0,70,0
2022-06-25 00:12:38,118,0,70,7
2022-06-25 00:12:40,116,0,70,0
2022-06-25 00:12:46,117,0,70,15
2022-06-25 00:12:49,117,0,70,0
2022-06-25 00:12:52,117,0,70,10
2022-06-25 00:12:57,114,0,70,0
2022-06-25 00:13:04,111,0,70,14
2022-06-25 00:13:09,109,0,70,4
2022-06-25 00:13:10,108,0,70,41
2022-06-25 00:13:14,107,0,70,28
2022-06-25 00:13:16,109,0,70,18
2022-06-25 00:13:17,110,0,70,1
2022-06-25 00:13:22,111,0,70,4
2022-06-25 00:13:43,106,0,70,41
2022-06-25 00:13:44,105,0,70,23
2022-06-25 00:13:46,103,0,70,19
2022-06-25 00:13:47,102,0,70,27
2022-06-25 00:13:48,102,0,70,19
2022-06-25 00:13:49,103,0,70,7
2022-06-25 00:13:50,104,0,70,38
2022-06-25 00:13:52,103,0,70,56
2022-06-25 00:13:53,102,0,70,6
2022-06-25 00:14:04,101,0,70,15
2022-06-25 00:14:08,99,0,70,11
2022-06-25 00:14:10,98,0,70,20
2022-06-25 00:14:15,99,0,70,4
2022-06-25 00:14:30,101,0,70,12
2022-06-25 00:14:31,102,0,70,10
2022-06-25 00:14:38,104,0,70,9
2022-06-25 00:15:00,105,0,70,9
2022-06-25 00:15:08,108,0,70,21
2022-06-25 00:15:11,108,0,70,18
2022-06-25 00:15:12,109,0,70,17
2022-06-25 00:15:19,111,0,70,9
2022-06-25 00:16:03,109,0,70,15
2022-06-25 00:16:05,109,0,70,25
2022-06-25 00:16:07,106,0,70,18
2022-06-25 00:16:54,110,0,70,13
2022-06-25 00:17:10,106,0,70,4
2022-06-25 00:17:17,107,0,70,39
2022-06-25 00:17:18,108,0,70,24
2022-06-25 00:17:19,107,0,70,18
2022-06-25 00:17:24,106,0,70,48
2022-06-25 00:17:26,105,0,70,48
2022-06-25 00:17:27,106,0,70,44
2022-06-25 00:17:28,107,0,70,44
2022-06-25 00:17:29,109,0,70,42
2022-06-25 00:17:30,110,0,70,29
2022-06-25 00:17:31,111,0,70,10
2022-06-25 00:17:34,111,0,70,20
2022-06-25 00:17:36,112,0,70,41
2022-06-25 00:17:37,113,0,70,23
2022-06-25 00:17:38,114,0,70,28
2022-06-25 00:17:41,114,0,70,18
2022-06-25 00:17:44,114,0,70,15
2022-06-25 00:17:47,114,0,70,31
2022-06-25 00:17:50,114,0,70,14
2022-06-25 00:17:53,114,0,70,67
2022-06-25 00:17:56,115,0,70,30
2022-06-25 00:17:58,116,0,70,19
2022-06-25 00:17:59,115,0,70,12
2022-06-25 00:18:03,114,0,70,30
2022-06-25 00:18:06,113,0,70,38
2022-06-25 00:18:08,113,0,70,26
2022-06-25 00:18:10,112,0,70,6
2022-06-25 00:18:12,111,0,70,6
2022-06-25 00:18:13,111,0,70,12
2022-06-25 00:18:15,110,0,70,16
2022-06-25 00:18:16,109,0,70,6
2022-06-25 00:18:19,111,0,70,34
2022-06-25 00:18:20,112,0,70,12
2022-06-25 00:18:22,113,0,70,1
2022-06-25 00:18:39,110,0,70,24
2022-06-25 00:18:55,109,0,70,14
2022-06-25 00:18:59,108,0,70,14
2022-06-25 00:19:07,110,0,70,22
2022-06-25 00:19:08,110,0,70,12
2022-06-25 00:19:10,110,0,70,11
2022-06-25 00:19:13,108,0,70,36
2022-06-25 00:19:17,107,0,70,9
2022-06-25 00:19:20,106,0,70,19
2022-06-25 00:19:40,109,0,70,16
2022-06-25 00:19:46,112,0,70,8
2022-06-25 00:19:55,111,0,70,18
2022-06-25 00:19:59,111,0,70,11
2022-06-25 00:20:06,110,0,70,32
2022-06-25 00:20:43,107,0,70,10
2022-06-25 00:20:54,108,0,70,3
2022-06-25 00:20:55,108,0,70,26
2022-06-25 00:21:21,101,0,70,6
2022-06-25 00:21:26,103,0,70,8
2022-06-25 00:22:11,111,0,70,5
2022-06-25 00:22:12,110,0,70,25
2022-06-25 00:22:13,109,0,70,36
2022-06-25 00:22:20,105,0,70,13
2022-06-25 00:22:21,104,0,70,23
2022-06-25 00:23:04,100,0,70,10
2022-06-25 00:23:07,100,0,70,8
2022-06-25 00:23:17,100,0,70,18
2022-06-25 00:23:24,101,0,70,30
2022-06-25 00:23:28,102,0,70,24
2022-06-25 00:23:29,102,0,70,29
2022-06-25 00:23:34,99,0,70,9
2022-06-25 00:23:36,100,0,70,14
2022-06-25 00:23:43,108,0,70,6
2022-06-25 00:24:16,104,0,69,4
2022-06-25 00:24:17,104,0,69,0
2022-06-25 00:24:19,103,0,69,0
2022-06-25 00:24:24,102,0,69,29
2022-06-25 00:24:25,101,0,69,12
2022-06-25 00:24:27,100,0,69,0
2022-06-25 00:24:30,100,0,69,12
2022-06-25 00:24:33,100,0,69,5
2022-06-25 00:24:35,102,0,69,0
2022-06-25 00:24:36,103,0,69,24
2022-06-25 00:24:37,105,0,69,10
2022-06-25 00:24:38,107,0,69,0
2022-06-25 00:24:40,106,0,69,10
2022-06-25 00:24:43,106,0,69,22
2022-06-25 00:24:46,106,0,69,35
2022-06-25 00:24:47,105,0,69,7
2022-06-25 00:24:50,104,0,69,52
2022-06-25 00:24:53,103,0,69,57
2022-06-25 00:24:57,103,0,69,4
2022-06-25 00:25:00,104,0,69,23
2022-06-25 00:25:07,101,0,69,0
2022-06-25 00:25:08,99,0,69,0
2022-06-25 00:25:10,100,0,69,6
2022-06-25 00:25:18,106,0,69,0
2022-06-25 00:25:19,107,0,69,7
2022-06-25 00:25:20,106,0,69,4
2022-06-25 00:25:27,108,0,69,0
2022-06-25 00:25:29,109,0,69,0
2022-06-25 00:25:31,110,0,69,0
2022-06-25 00:25:32,111,0,69,0
2022-06-25 00:25:38,111,0,69,34
2022-06-25 00:25:41,110,0,69,83
2022-06-25 00:25:43,111,0,69,28
2022-06-25 00:25:46,113,0,69,4
2022-06-25 00:25:47,115,0,69,36
2022-06-25 00:25:48,116,0,69,20
2022-06-25 00:25:49,117,0,69,15
2022-06-25 00:25:51,118,0,69,0
2022-06-25 00:25:53,117,0,69,0
2022-06-25 00:25:56,117,0,69,11
2022-06-25 00:25:59,120,0,69,50
2022-06-25 00:26:00,121,0,69,0
2022-06-25 00:26:01,123,0,69,6
2022-06-25 00:26:02,124,0,69,6
2022-06-25 00:26:03,126,0,69,29
2022-06-25 00:26:04,128,0,69,5
2022-06-25 00:26:05,129,0,69,8
2022-06-25 00:26:06,130,0,69,0
2022-06-25 00:26:07,129,0,69,14
2022-06-25 00:26:08,127,0,69,0
2022-06-25 00:26:09,125,0,69,0
2022-06-25 00:26:10,124,0,69,12
2022-06-25 00:26:11,122,0,69,0
2022-06-25 00:26:12,121,0,69,7
2022-06-25 00:26:13,120,0,69,0
2022-06-25 00:26:14,119,0,69,0
2022-06-25 00:26:20,117,0,69,42
2022-06-25 00:26:22,118,0,69,26
2022-06-25 00:26:23,117,0,69,6
2022-06-25 00:26:24,116,0,69,0
2022-06-25 00:26:25,115,0,69,0
2022-06-25 00:26:26,114,0,69,0
2022-06-25 00:26:30,117,0,69,7
2022-06-25 00:26:42,119,0,69,17
2022-06-25 00:26:43,118,0,69,24
2022-06-25 00:26:44,117,0,69,38
2022-06-25 00:26:47,118,0,69,9
2022-06-25 00:27:03,120,0,69,13
2022-06-25 00:27:15,115,0,69,10
2022-06-25 00:27:16,114,0,69,4
2022-06-25 00:27:17,113,0,69,31
2022-06-25 00:27:18,112,0,69,1
2022-06-25 00:27:19,111,0,69,5
2022-06-25 00:27:20,110,0,69,7
2022-06-25 00:27:21,109,0,69,17
2022-06-25 00:27:24,109,0,69,8
2022-06-25 00:27:33,109,0,69,6
2022-06-25 00:27:57,107,0,69,6
2022-06-25 00:27:59,106,0,69,7
2022-06-25 00:28:00,105,0,69,0
2022-06-25 00:28:06,105,0,69,14
2022-06-25 00:28:09,106,0,69,1
2022-06-25 00:28:11,107,0,69,19
2022-06-25 00:28:13,108,0,69,41
2022-06-25 00:28:14,109,0,69,14
2022-06-25 00:28:18,109,0,69,28
2022-06-25 00:28:19,108,0,69,5
2022-06-25 00:28:23,107,0,69,27
2022-06-25 00:28:25,108,0,69,9
2022-06-25 00:28:27,108,0,69,10
2022-06-25 00:28:33,109,0,69,20
2022-06-25 00:28:38,112,0,69,15
2022-06-25 00:28:39,113,0,69,0
2022-06-25 00:28:43,118,0,69,15
2022-06-25 00:28:52,117,0,69,24
2022-06-25 00:28:57,115,0,69,4
2022-06-25 00:29:06,113,0,69,23
2022-06-25 00:29:10,111,0,69,10
2022-06-25 00:29:12,110,0,69,13
2022-06-25 00:29:13,109,0,69,13
2022-06-25 00:29:15,108,0,69,42
2022-06-25 00:29:17,107,0,69,8
2022-06-25 00:29:20,107,0,69,32
2022-06-25 00:29:22,106,0,69,39
2022-06-25 00:29:32,107,0,69,9
2022-06-25 00:29:35,106,0,69,34
2022-06-25 00:29:38,106,0,69,17
2022-06-25 00:29:43,110,0,69,21
2022-06-25 00:29:44,112,0,69,50
2022-06-25 00:29:45,113,0,69,40
2022-06-25 00:29:46,114,0,69,53
2022-06-25 00:29:47,115,0,69,26
2022-06-25 00:29:51,114,0,69,9
2022-06-25 00:29:56,113,0,69,18
2022-06-25 00:29:59,112,0,69,0
2022-06-25 00:30:03,112,0,69,29
2022-06-25 00:30:09,112,0,69,13
2022-06-25 00:30:13,113,0,69,5
2022-06-25 00:30:22,113,0,69,9
2022-06-25 00:30:26,115,0,69,28
2022-06-25 00:30:28,116,0,69,10
2022-06-25 00:30:31,117,0,69,39
2022-06-25 00:30:37,116,0,69,6
2022-06-25 00:30:38,117,0,69,13
2022-06-25 00:30:40,119,0,69,16
2022-06-25 00:30:41,118,0,69,25
2022-06-25 00:30:42,116,0,69,2
2022-06-25 00:30:43,114,0,69,8
2022-06-25 00:30:44,113,0,69,20
2022-06-25 00:30:45,111,0,69,4
2022-06-25 00:30:49,107,0,69,5
2022-06-25 00:30:50,106,0,69,5
2022-06-25 00:30:53,104,0,69,30
2022-06-25 00:31:03,102,0,69,4
2022-06-25 00:31:13,102,0,69,16
2022-06-25 00:31:14,101,0,69,24
2022-06-25 00:31:17,101,0,69,31
2022-06-25 00:31:20,101,0,69,7
2022-06-25 00:31:23,102,0,69,21
2022-06-25 00:31:25,105,0,69,19
2022-06-25 00:31:26,107,0,69,11
2022-06-25 00:31:36,108,0,69,6
2022-06-25 00:31:39,110,0,69,6
2022-06-25 00:31:43,111,0,69,16
2022-06-25 00:31:54,110,0,69,23
2022-06-25 00:31:55,111,0,69,22
2022-06-25 00:31:58,110,0,69,26
2022-06-25 00:32:01,107,0,69,4
2022-06-25 00:32:07,105,0,69,24
2022-06-25 00:32:16,108,0,69,8
2022-06-25 00:32:17,107,0,69,21
2022-06-25 00:33:26,119,0,69,6
2022-06-25 00:33:27,120,0,69,16
2022-06-25 00:33:28,121,0,69,10
2022-06-25 00:33:30,123,0,69,0
2022-06-25 00:33:32,127,0,69,10
2022-06-25 00:33:33,128,0,69,0
2022-06-25 00:33:34,130,0,69,9
2022-06-25 00:33:38,131,0,69,26
2022-06-25 00:33:39,132,0,69,8
2022-06-25 00:33:40,133,0,69,17
2022-06-25 00:33:42,134,0,69,13
2022-06-25 00:33:43,135,0,69,0
2022-06-25 00:33:44,136,0,69,0
2022-06-25 00:33:45,137,0,69,0
2022-06-25 00:33:54,134,0,69,9
2022-06-25 00:34:04,134,0,69,0
2022-06-25 00:34:05,133,0,69,11
2022-06-25 00:34:07,132,0,69,4
2022-06-25 00:34:08,131,0,69,0
2022-06-25 00:34:10,129,0,69,0
2022-06-25 00:34:12,126,0,69,0
2022-06-25 00:34:19,132,0,69,0
2022-06-25 00:34:20,133,0,69,24
2022-06-25 00:34:30,138,0,69,19
2022-06-25 00:34:40,133,0,69,0
2022-06-25 00:34:56,130,0,69,7
2022-06-25 00:35:00,127,0,69,9
2022-06-25 00:35:04,124,0,69,0
2022-06-25 00:35:16,118,0,69,12
2022-06-25 00:35:23,115,0,69,6
2022-06-25 00:35:26,114,0,69,3
2022-06-25 00:35:30,112,0,69,16
2022-06-25 00:35:31,111,0,69,37
2022-06-25 00:35:32,111,0,69,64
2022-06-25 00:35:34,110,0,69,59
2022-06-25 00:35:51,111,0,69,6
2022-06-25 00:35:56,112,0,69,12
2022-06-25 00:36:19,109,0,69,15
2022-06-25 00:36:27,107,0,69,18
2022-06-25 00:36:29,109,0,69,12
2022-06-25 00:36:39,108,0,69,13
2022-06-25 00:36:52,107,0,69,12
2022-06-25 00:37:15,100,0,69,18
2022-06-25 00:37:19,101,0,69,9
2022-06-25 00:37:21,100,0,69,1
2022-06-25 00:37:22,99,0,69,6
2022-06-25 00:37:23,100,0,69,22
2022-06-25 00:37:25,102,0,69,33
2022-06-25 00:37:40,103,0,69,21
2022-06-25 00:37:41,104,0,69,14
2022-06-25 00:38:13,104,0,69,53
2022-06-25 00:38:15,105,0,69,22
2022-06-25 00:38:27,109,0,69,9
2022-06-25 00:38:30,109,0,69,25
2022-06-25 00:39:20,104,0,69,6
2022-06-25 00:39:29,102,0,69,6
2022-06-25 00:39:41,102,0,69,5
2022-06-25 00:39:43,100,0,69,4
2022-06-25 00:39:45,101,0,69,8
2022-06-25 00:39:54,100,0,69,7
2022-06-25 00:40:04,104,0,69,8
2022-06-25 00:40:29,106,0,69,6
2022-06-25 00:40:37,107,0,69,24
2022-06-25 00:40:40,106,0,69,11
2022-06-25 00:40:44,102,0,69,8
2022-06-25 00:40:54,101,0,69,17
2022-06-25 00:40:55,102,0,69,11
2022-06-25 00:40:56,103,0,69,22
2022-06-25 00:40:59,108,0,69,27
2022-06-25 00:41:00,109,0,69,11
2022-06-25 00:41:08,103,0,69,8
2022-06-25 00:41:15,104,0,69,20
2022-06-25 00:41:26,106,0,69,13
2022-06-25 00:41:28,107,0,69,15
2022-06-25 00:41:39,105,0,69,6
2022-06-25 00:41:47,104,0,69,39
2022-06-25 00:41:48,103,0,69,1
2022-06-25 00:41:51,101,0,69,16
2022-06-25 00:41:55,100,0,69,10
2022-06-25 00:42:00,102,0,69,9
2022-06-25 00:42:02,102,0,69,18
2022-06-25 00:42:04,103,0,69,18
2022-06-25 00:42:06,105,0,69,28
2022-06-25 00:42:08,108,0,69,14
2022-06-25 00:42:22,106,0,69,15
2022-06-25 00:42:25,106,0,69,12
2022-06-25 00:42:28,106,0,69,8
2022-06-25 00:42:29,105,0,69,9
2022-06-25 00:42:45,98,0,69,0
2022-06-25 00:42:46,97,0,69,0
2022-06-25 00:42:47,96,0,69,0
2022-06-25 00:42:49,98,0,69,9
2022-06-25 00:42:50,99,0,69,9
2022-06-25 00:42:51,101,0,69,43
2022-06-25 00:42:52,102,0,71,39
2022-06-25 00:42:53,103,0,71,0
2022-06-25 00:42:54,104,0,71,8
2022-06-25 00:42:55,105,0,71,30
2022-06-25 00:42:56,106,0,71,0
2022-06-25 00:42:58,107,0,71,0
2022-06-25 00:43:01,107,0,71,22
2022-06-25 00:43:02,108,0,71,15
2022-06-25 00:43:03,109,0,71,36
2022-06-25 00:43:06,110,0,71,18
2022-06-25 00:43:07,110,0,71,14
2022-06-25 00:43:10,111,0,71,17
2022-06-25 00:43:11,110,0,71,35
2022-06-25 00:43:14,109,0,71,8
2022-06-25 00:43:16,112,0,71,35
2022-06-25 00:43:19,112,0,71,14
2022-06-25 00:43:21,111,0,71,0
2022-06-25 00:43:22,112,0,71,28
2022-06-25 00:43:23,113,0,71,0
2022-06-25 00:43:24,115,0,71,31
2022-06-25 00:43:25,116,0,71,53
2022-06-25 00:43:27,115,0,71,9
2022-06-25 00:43:29,117,0,71,27
2022-06-25 00:43:30,118,0,71,35
2022-06-25 00:43:31,119,0,71,47
2022-06-25 00:43:32,121,0,71,99
2022-06-25 00:43:33,122,0,71,115
2022-06-25 00:43:35,123,0,71,109
2022-06-25 00:43:36,124,0,71,109
2022-06-25 00:43:37,125,0,71,92
2022-06-25 00:43:38,126,0,71,69
2022-06-25 00:43:39,127,0,71,96
2022-06-25 00:43:40,128,0,71,101
2022-06-25 00:43:42,127,0,71,59
2022-06-25 00:43:43,126,0,71,85
2022-06-25 00:43:44,125,0,71,42
2022-06-25 00:43:45,124,0,71,23
2022-06-25 00:43:46,123,0,71,0
2022-06-25 00:43:47,122,0,71,11
2022-06-25 00:43:49,123,0,71,20
2022-06-25 00:43:50,124,0,71,0
2022-06-25 00:43:52,125,0,71,0
2022-06-25 00:43:53,126,0,71,0
2022-06-25 00:43:55,124,0,71,9
2022-06-25 00:43:56,123,0,71,10
2022-06-25 00:43:57,122,0,71,0
2022-06-25 00:43:58,121,0,71,0
2022-06-25 00:44:06,121,0,71,9
2022-06-25 00:44:07,120,0,71,0
2022-06-25 00:44:08,119,0,71,18
2022-06-25 00:44:09,118,0,71,7
2022-06-25 00:44:10,117,0,71,0
2022-06-25 00:44:12,118,0,71,0
2022-06-25 00:44:16,116,0,71,0
2022-06-25 00:44:18,115,0,71,0
2022-06-25 00:44:20,114,0,71,0
2022-06-25 00:44:24,112,0,71,0
2022-06-25 00:44:25,110,0,71,0
2022-06-25 00:44:26,109,0,71,22
2022-06-25 00:44:31,106,0,71,5
2022-06-25 00:44:32,105,0,71,0
2022-06-25 00:44:33,104,0,71,0
2022-06-25 00:44:35,103,0,71,36
2022-06-25 00:44:36,102,0,71,1
2022-06-25 00:44:37,101,0,71,6
2022-06-25 00:44:39,100,0,71,0
2022-06-25 00:44:42,100,0,71,30
2022-06-25 00:44:43,101,0,71,45
2022-06-25 00:44:46,101,0,71,14
2022-06-25 00:44:48,101,0,71,7
2022-06-25 00:44:51,101,0,71,10
2022-06-25 00:44:54,101,0,71,0
2022-06-25 00:44:57,102,0,71,0
2022-06-25 00:45:12,105,0,71,63
2022-06-25 00:45:13,105,0,71,18
2022-06-25 00:45:14,104,0,71,16
2022-06-25 00:45:15,103,0,71,43
2022-06-25 00:45:16,102,0,71,14
2022-06-25 00:45:18,101,0,71,32
2022-06-25 00:45:21,101,0,71,19
2022-06-25 00:45:36,103,0,71,8
2022-06-25 00:45:41,102,0,71,23
2022-06-25 00:45:42,101,0,71,8
2022-06-25 00:45:44,98,0,71,0
2022-06-25 00:45:45,99,0,71,0
2022-06-25 00:45:55,105,0,71,6
2022-06-25 00:45:58,108,0,71,0
2022-06-25 00:46:02,104,0,71,6
2022-06-25 00:46:27,97,0,71,0
2022-06-25 00:46:30,96,0,71,0
2022-06-25 00:46:31,95,0,71,0
2022-06-25 00:46:32,94,0,71,0
2022-06-25 00:46:34,93,0,71,0
2022-06-25 00:46:35,92,0,71,4
2022-06-25 00:46:36,91,0,71,0
2022-06-25 00:46:37,90,0,71,0
2022-06-25 00:46:38,89,0,71,14
2022-06-25 00:46:39,88,0,71,0
2022-06-25 00:46:42,89,0,71,0
2022-06-25 00:46:48,92,0,71,0
2022-06-25 00:46:49,93,0,71,10
2022-06-25 00:47:00,97,0,71,27
2022-06-25 00:47:02,97,0,71,16
2022-06-25 00:47:06,98,0,71,12
2022-06-25 00:47:07,99,0,71,24
2022-06-25 00:47:09,101,0,71,12
2022-06-25 00:47:10,102,0,71,47
2022-06-25 00:47:11,103,0,71,11
2022-06-25 00:47:16,106,0,71,30
2022-06-25 00:47:17,107,0,71,6
2022-06-25 00:47:19,109,0,71,0
2022-06-25 00:47:30,109,0,71,9
2022-06-25 00:47:44,105,0,71,7
2022-06-25 00:47:46,107,0,71,17
2022-06-25 00:48:01,107,0,71,8
2022-06-25 00:48:47,115,0,71,4
2022-06-25 00:48:51,119,0,71,0
2022-06-25 00:49:05,118,0,71,5
2022-06-25 00:49:09,117,0,71,7
2022-06-25 00:49:10,116,0,71,8
2022-06-25 00:49:14,113,0,71,16
2022-06-25 00:49:18,112,0,71,9
2022-06-25 00:49:19,113,0,71,7
2022-06-25 00:49:29,114,0,71,18
2022-06-25 00:49:35,114,0,71,7
2022-06-25 00:49:38,114,0,71,10
2022-06-25 00:49:41,114,0,71,35
2022-06-25 00:49:48,112,0,71,47
2022-06-25 00:49:49,113,0,71,26
2022-06-25 00:49:58,115,0,71,7
2022-06-25 00:50:01,116,0,71,9
2022-06-25 00:50:04,115,0,71,14
2022-06-25 00:50:05,114,0,71,55
2022-06-25 00:50:07,113,0,71,8
2022-06-25 00:50:12,109,0,71,7
2022-06-25 00:50:25,115,0,71,6
2022-06-25 00:50:27,116,0,71,31
2022-06-25 00:50:29,117,0,71,54
2022-06-25 00:50:31,118,0,71,102
2022-06-25 00:50:34,118,0,71,22
2022-06-25 00:50:37,119,0,71,6
2022-06-25 00:50:39,121,0,71,5
2022-06-25 00:50:40,120,0,71,7
2022-06-25 00:50:41,118,0,71,74
2022-06-25 00:50:42,116,0,71,85
2022-06-25 00:50:43,114,0,71,36
2022-06-25 00:50:45,112,0,71,27
2022-06-25 00:50:50,108,0,71,10
2022-06-25 00:50:53,109,0,71,30
2022-06-25 00:50:54,111,0,71,3
2022-06-25 00:50:55,112,0,71,29
2022-06-25 00:50:57,113,0,71,29
2022-06-25 00:51:03,114,0,71,22
2022-06-25 00:51:04,113,0,71,25
2022-06-25 00:51:15,118,0,71,11
2022-06-25 00:51:23,116,0,71,107
2022-06-25 00:51:25,115,0,71,66
2022-06-25 00:51:28,114,0,71,42
2022-06-25 00:51:40,107,0,71,7
2022-06-25 00:51:41,106,0,71,7
2022-06-25 00:51:59,104,0,71,4
2022-06-25 00:52:09,102,0,71,6
2022-06-25 00:52:30,102,0,71,11
2022-06-25 00:52:33,103,0,71,6
2022-06-25 00:52:35,105,0,71,10
2022-06-25 00:52:38,107,0,71,27
2022-06-25 00:52:39,106,0,71,9
2022-06-25 00:53:50,110,0,71,7
2022-06-25 00:54:05,116,0,71,12
2022-06-25 00:54:06,117,0,71,20
2022-06-25 00:54:10,117,0,71,17
2022-06-25 00:54:20,112,0,71,4
2022-06-25 00:54:25,116,0,71,6
2022-06-25 00:54:27,117,0,71,15
2022-06-25 00:54:30,120,0,71,17
2022-06-25 00:54:39,123,0,71,31
2022-06-25 00:54:40,124,0,71,25
2022-06-25 00:54:43,122,0,71,46
2022-06-25 00:54:45,121,0,71,30
2022-06-25 00:54:49,121,0,71,8
2022-06-25 00:54:51,124,0,71,14
2022-06-25 00:54:56,122,0,71,5
2022-06-25 00:55:04,119,0,71,45
2022-06-25 00:55:07,119,0,71,44
2022-06-25 00:55:08,118,0,71,53
2022-06-25 00:55:11,118,0,71,8
2022-06-25 00:55:16,119,0,71,40
2022-06-25 00:55:17,118,0,71,13
2022-06-25 00:55:19,117,0,71,14
2022-06-25 00:55:31,121,0,71,4
2022-06-25 00:55:32,122,0,71,4
2022-06-25 00:55:38,127,0,71,0
2022-06-25 00:55:40,128,0,71,0
2022-06-25 00:55:41,129,0,71,0
2022-06-25 00:55:42,128,0,71,4
2022-06-25 00:55:52,123,0,71,7
2022-06-25 00:55:55,123,0,71,12
2022-06-25 00:56:00,122,0,71,25
2022-06-25 00:56:01,121,0,71,6
2022-06-25 00:56:06,123,0,71,87
2022-06-25 00:56:07,124,0,71,42
2022-06-25 00:56:08,125,0,71,24
2022-06-25 00:56:11,125,0,71,64
2022-06-25 00:56:13,124,0,71,128
2022-06-25 00:56:16,123,0,71,44
2022-06-25 00:56:18,122,0,71,30
2022-06-25 00:56:19,121,0,71,28
2022-06-25 00:56:20,120,0,71,33
2022-06-25 00:56:24,118,0,71,24
2022-06-25 00:56:27,119,0,71,13
2022-06-25 00:56:30,119,0,71,7
2022-06-25 00:56:33,118,0,71,14
2022-06-25 00:56:35,117,0,71,8
2022-06-25 00:56:38,116,0,71,88
2022-06-25 00:56:41,116,0,71,111
2022-06-25 00:56:43,115,0,71,108
2022-06-25 00:56:45,114,0,71,99
2022-06-25 00:56:46,113,0,71,70
2022-06-25 00:56:49,113,0,71,55
2022-06-25 00:56:52,112,0,71,45
2022-06-25 00:56:58,110,0,71,27
2022-06-25 00:56:59,109,0,71,23
2022-06-25 00:57:00,108,0,71,26
2022-06-25 00:57:01,107,0,71,5
2022-06-25 00:57:02,106,0,71,23
2022-06-25 00:57:04,106,0,71,4
2022-06-25 00:57:07,108,0,71,23
2022-06-25 00:57:10,107,0,71,20
2022-06-25 00:57:16,106,0,71,6
2022-06-25 00:57:21,106,0,71,42
2022-06-25 00:57:28,107,0,71,10
2022-06-25 00:57:31,107,0,71,12
2022-06-25 00:57:47,105,0,71,8
2022-06-25 00:57:50,105,0,71,28
2022-06-25 00:57:59,99,0,71,9
2022-06-25 00:58:07,99,0,71,7
2022-06-25 00:58:10,99,0,71,8
2022-06-25 00:58:11,99,0,71,34
2022-06-25 00:58:23,102,0,71,20
2022-06-25 00:58:26,102,0,71,36
2022-06-25 00:58:32,103,0,71,17
2022-06-25 00:58:34,104,0,71,25
2022-06-25 00:58:37,104,0,71,26
2022-06-25 00:58:39,102,0,71,5
2022-06-25 00:58:41,101,0,71,17
2022-06-25 00:58:43,100,0,71,46
2022-06-25 00:58:46,100,0,71,16
2022-06-25 00:58:52,100,0,71,45
2022-06-25 00:58:53,99,0,71,40
2022-06-25 00:58:56,97,0,71,31
2022-06-25 00:58:57,95,0,71,65
2022-06-25 00:58:58,94,0,71,98
2022-06-25 00:58:59,92,0,71,106
2022-06-25 00:59:00,91,0,71,105
2022-06-25 00:59:03,93,0,71,64
2022-06-25 00:59:05,92,0,71,79
2022-06-25 00:59:06,92,0,71,20
2022-06-25 00:59:07,93,0,71,46
2022-06-25 00:59:09,94,0,71,85
2022-06-25 00:59:12,94,0,71,73
2022-06-25 00:59:14,95,0,71,11
2022-06-25 00:59:15,97,0,71,62
2022-06-25 00:59:17,96,0,71,50
2022-06-25 00:59:20,96,0,71,10
2022-06-25 00:59:37,95,0,71,4
2022-06-25 00:59:39,98,0,71,4
2022-06-25 00:59:47,100,0,71,22
2022-06-25 00:59:50,98,0,71,3
2022-06-25 00:59:53,96,0,71,8
2022-06-25 00:59:54,95,0,71,12
2022-06-25 00:59:57,94,0,71,55
2022-06-25 00:59:58,94,0,71,26
2022-06-25 00:59:59,93,0,71,7
2022-06-25 01:00:07,92,0,71,46
2022-06-25 01:00:28,95,0,71,52
2022-06-25 01:00:30,96,0,71,7
2022-06-25 01:00:33,97,0,71,8
2022-06-25 01:00:39,97,0,71,14
2022-06-25 01:01:29,102,0,71,8
2022-06-25 01:01:45,101,0,71,33
2022-06-25 01:02:10,95,0,71,23
2022-06-25 01:03:08,99,0,71,6
2022-06-25 01:03:09,100,0,71,10
2022-06-25 01:03:10,101,0,71,16
2022-06-25 01:03:22,108,0,71,12
2022-06-25 01:03:24,107,0,71,9
2022-06-25 01:03:32,106,0,71,17
2022-06-25 01:03:55,100,0,71,15
2022-06-25 01:03:59,100,0,71,8
2022-06-25 01:04:00,96,0,71,14
2022-06-25 01:04:09,96,0,71,4
2022-06-25 01:04:10,95,0,71,10
2022-06-25 01:04:16,95,0,71,60
2022-06-25 01:04:19,95,0,71,15
2022-06-25 01:04:22,95,0,71,55
2022-06-25 01:05:00,101,0,71,34
2022-06-25 01:05:01,100,0,71,13
2022-06-25 01:05:45,100,0,71,6
2022-06-25 01:06:07,98,0,71,27
2022-06-25 01:06:13,98,0,71,22
2022-06-25 01:06:16,99,0,71,4
2022-06-25 01:07:36,102,0,71,19
2022-06-25 01:07:39,102,0,71,58
2022-06-25 01:07:50,101,0,71,9
2022-06-25 01:08:01,97,0,71,37
2022-06-25 01:08:03,101,0,71,4
2022-06-25 01:08:08,100,0,71,59
2022-06-25 01:08:10,99,0,71,23
2022-06-25 01:08:13,97,0,71,39
2022-06-25 01:08:14,95,0,71,35
2022-06-25 01:08:15,94,0,71,9
2022-06-25 01:08:17,95,0,71,37
2022-06-25 01:08:37,94,0,71,58
2022-06-25 01:08:43,95,0,71,72
2022-06-25 01:08:45,96,0,71,84
2022-06-25 01:08:46,97,0,71,30
2022-06-25 01:08:53,98,0,71,49
2022-06-25 01:08:58,99,0,71,18
2022-06-25 01:09:08,97,0,71,32
2022-06-25 01:09:13,95,0,71,22
2022-06-25 01:09:18,98,0,71,7
2022-06-25 01:10:28,93,0,71,8
2022-06-25 01:11:13,98,0,71,16
2022-06-25 01:11:18,97,0,71,7
2022-06-25 01:12:48,98,0,71,8
2022-06-25 01:12:58,99,0,71,26
2022-06-25 01:13:03,100,0,71,7
2022-06-25 01:13:13,99,0,71,20
2022-06-25 01:13:18,100,0,71,36
2022-06-25 01:13:28,97,0,71,66
2022-06-25 01:13:33,95,0,71,84
2022-06-25 01:13:38,92,0,71,103
2022-06-25 01:13:48,93,0,71,96
2022-06-25 01:13:53,92,0,71,102
2022-06-25 01:13:58,93,0,71,100
2022-06-25 01:14:03,95,0,71,78
2022-06-25 01:15:28,102,0,71,67
2022-06-25 01:15:33,104,0,71,15
2022-06-25 01:15:43,103,0,71,48
2022-06-25 01:15:48,98,0,71,38
2022-06-25 01:15:58,97,0,71,58
2022-06-25 01:16:03,99,0,71,88
2022-06-25 01:16:08,100,0,71,93
2022-06-25 01:16:13,101,0,71,59
2022-06-25 01:16:18,102,0,71,45
2022-06-25 01:16:28,102,0,71,10
2022-06-25 01:20:13,111,0,71,26
2022-06-25 01:21:07,100,0,71,12
2022-06-25 01:21:42,104,0,71,7
2022-06-25 01:22:32,104,0,71,23
2022-06-25 01:22:57,99,0,71,10
2022-06-25 01:23:32,103,0,71,10
2022-06-25 01:24:12,100,0,71,5
2022-06-25 01:24:17,102,0,71,42
2022-06-25 01:24:52,97,0,71,26
2022-06-25 01:24:57,94,0,71,11
2022-06-25 01:26:07,92,0,71,43
2022-06-25 01:26:17,93,0,71,50
2022-06-25 01:26:22,94,0,71,7
2022-06-25 01:26:27,94,0,71,8
2022-06-25 01:26:42,96,0,71,11
2022-06-25 01:26:47,95,0,71,3
2022-06-25 01:27:17,99,0,71,17
2022-06-25 01:27:27,94,0,71,17
2022-06-25 01:27:52,90,0,71,16
2022-06-25 01:28:42,93,0,71,6
2022-06-25 01:28:47,94,0,71,10
2022-06-25 01:28:52,92,0,71,8
2022-06-25 01:29:22,92,0,71,24
2022-06-25 01:29:57,93,0,71,9
2022-06-25 01:30:03,93,0,71,14
2022-06-25 01:30:28,92,0,71,9
2022-06-25 01:30:53,88,0,71,9
2022-06-25 01:30:58,87,0,71,49
2022-06-25 01:31:03,90,0,71,45
2022-06-25 01:32:03,88,0,71,13
2022-06-25 01:32:08,86,0,71,0
2022-06-25 01:32:13,87,0,71,0
2022-06-25 01:32:23,89,0,71,41
2022-06-25 01:32:33,92,0,71,62
2022-06-25 01:32:38,93,0,71,37
2022-06-25 01:32:48,94,0,71,31
2022-06-25 01:32:53,93,0,71,51
2022-06-25 01:33:13,94,0,71,106
2022-06-25 01:33:23,93,0,71,103
2022-06-25 01:33:48,92,0,71,93
2022-06-25 01:33:53,92,0,71,39
2022-06-25 01:33:58,93,0,71,23
2022-06-25 01:34:28,88,0,71,11
2022-06-25 01:34:43,87,0,71,18
2022-06-25 01:34:53,90,0,71,10
2022-06-25 01:35:13,91,0,71,33
2022-06-25 01:35:28,91,0,71,13
2022-06-25 01:35:43,91,0,71,31
2022-06-25 01:35:53,94,0,71,5
2022-06-25 01:36:33,85,0,71,0
2022-06-25 01:36:48,85,0,71,30
2022-06-25 01:36:53,86,0,71,12
2022-06-25 01:37:08,88,0,71,8
2022-06-25 01:37:14,88,0,71,6
2022-06-25 01:37:19,89,0,71,11
2022-06-25 01:37:34,90,0,71,13
2022-06-25 01:37:39,91,0,71,15
2022-06-25 01:37:54,98,0,71,13
2022-06-25 01:38:19,100,0,71,37
2022-06-25 01:38:34,102,0,71,9
2022-06-25 01:38:44,104,0,71,12
2022-06-25 01:41:02,105,0,71,14
2022-06-25 01:41:22,98,0,71,6
2022-06-25 01:41:27,97,0,71,22
2022-06-25 01:41:52,98,0,71,11
2022-06-25 01:42:57,100,0,71,38
2022-06-25 01:44:42,93,0,71,11
2022-06-25 01:45:07,95,0,71,28
2022-06-25 01:45:58,94,0,71,6
2022-06-25 01:46:23,95,0,71,17
2022-06-25 01:47:03,86,0,71,9
2022-06-25 01:47:08,83,0,71,0
2022-06-25 01:47:13,84,0,71,6
2022-06-25 01:47:38,87,0,71,16
2022-06-25 01:48:08,91,0,71,23
2022-06-25 01:48:33,86,0,71,14
2022-06-25 01:48:38,85,0,71,27
2022-06-25 01:49:08,89,0,71,9
2022-06-25 01:49:13,88,0,71,17
2022-06-25 01:49:18,87,0,71,7
2022-06-25 01:49:23,89,0,71,18
2022-06-25 01:49:33,90,0,71,12
2022-06-25 01:49:48,90,0,71,18
2022-06-25 01:49:53,88,0,71,36
2022-06-25 01:50:23,88,0,71,18
2022-06-25 01:50:33,87,0,71,22
2022-06-25 01:50:48,87,0,71,6
2022-06-25 01:51:03,88,0,71,30
2022-06-25 01:51:28,90,0,71,6
2022-06-25 01:52:51,87,0,71,39
2022-06-25 01:53:11,81,0,71,0
2022-06-25 01:53:21,82,0,71,0
2022-06-25 01:53:41,84,0,71,0
2022-06-25 01:54:21,89,0,71,5
2022-06-25 01:54:41,87,0,71,37
2022-06-25 01:54:56,86,0,71,34
2022-06-25 01:56:16,87,0,71,19
2022-06-25 01:56:39,84,0,71,13
2022-06-25 01:56:54,84,0,71,17
2022-06-25 01:57:14,85,0,71,5
2022-06-25 01:58:14,89,0,71,12
2022-06-25 01:58:54,102,0,71,12
2022-06-25 01:59:09,108,0,71,11
2022-06-25 02:00:04,99,0,71,19
2022-06-25 02:00:54,102,0,71,7
2022-06-25 02:00:59,104,0,71,3
2022-06-25 02:01:14,96,0,71,34
2022-06-25 02:01:19,90,0,71,23
2022-06-25 02:03:25,95,0,71,9
2022-06-25 02:03:40,93,0,71,13
2022-06-25 02:03:45,92,0,71,15
2022-06-25 02:04:05,94,0,71,16
2022-06-25 02:05:00,98,0,71,35
2022-06-25 02:05:10,95,0,71,25
2022-06-25 02:05:15,94,0,71,2
2022-06-25 02:05:40,95,0,71,7
2022-06-25 02:07:04,94,0,71,14
2022-06-25 02:07:34,92,0,71,7
2022-06-25 02:07:49,92,0,71,16
2022-06-25 02:08:09,93,0,71,29
2022-06-25 02:08:44,92,0,71,14
2022-06-25 02:09:04,92,0,71,6
2022-06-25 02:09:54,94,0,72,0
2022-06-25 02:10:04,95,0,72,0
2022-06-25 02:10:14,93,0,72,0
2022-06-25 02:10:19,92,0,72,42
2022-06-25 02:10:24,91,0,72,0
2022-06-25 02:10:29,90,0,72,0
2022-06-25 02:10:34,89,0,72,0
2022-06-25 02:10:49,88,0,72,0
2022-06-25 02:11:04,91,0,72,26
2022-06-25 02:11:09,92,0,72,35
2022-06-25 02:11:19,90,0,72,36
2022-06-25 02:12:19,88,0,72,31
2022-06-25 02:12:29,89,0,72,12
2022-06-25 02:12:44,90,0,72,12
2022-06-25 02:12:59,91,0,72,25
2022-06-25 02:13:04,90,0,72,11
2022-06-25 02:13:34,88,0,72,4
2022-06-25 02:13:44,87,0,72,0
2022-06-25 02:13:49,88,0,72,7
2022-06-25 02:13:59,89,0,72,11
2022-06-25 02:14:20,89,0,72,6
2022-06-25 02:14:30,92,0,72,8
2022-06-25 02:14:35,91,0,72,41
2022-06-25 02:14:45,94,0,72,14
2022-06-25 02:15:00,94,0,72,8
2022-06-25 02:15:15,94,0,72,19
2022-06-25 02:15:30,93,0,72,30
2022-06-25 02:15:45,92,0,72,20
2022-06-25 02:15:50,91,0,72,24
2022-06-25 02:16:05,92,0,72,59
2022-06-25 02:16:10,91,0,72,106
2022-06-25 02:16:25,90,0,72,110
2022-06-25 02:16:35,89,0,72,113
2022-06-25 02:16:45,88,0,72,86
2022-06-25 02:16:50,86,0,72,96
2022-06-25 02:17:00,87,0,72,82
2022-06-25 02:17:10,88,0,72,100
2022-06-25 02:17:15,87,0,72,114
2022-06-25 02:17:20,86,0,72,70
2022-06-25 02:17:40,87,0,72,52
2022-06-25 02:17:45,88,0,72,39
2022-06-25 02:17:50,88,0,72,27
2022-06-25 02:17:55,86,0,72,0
2022-06-25 02:18:00,85,0,72,0
2022-06-25 02:18:15,86,0,72,24
2022-06-25 02:18:30,87,0,72,9
2022-06-25 02:18:35,89,0,72,5
2022-06-25 02:19:15,83,0,72,0
2022-06-25 02:19:20,82,0,72,0
2022-06-25 02:19:30,84,0,72,0
2022-06-25 02:20:45,89,0,72,7
2022-06-25 02:21:15,92,0,72,0
2022-06-25 02:21:21,92,0,72,9
2022-06-25 02:21:36,93,0,72,13
2022-06-25 02:22:16,93,0,72,12
2022-06-25 02:23:01,90,0,72,17
2022-06-25 02:23:16,91,0,72,23
2022-06-25 02:23:26,91,0,72,12
2022-06-25 02:23:36,88,0,72,34
2022-06-25 02:23:51,88,0,72,17
2022-06-25 02:23:56,90,0,72,14
2022-06-25 02:24:01,90,0,72,1
2022-06-25 02:24:46,82,0,72,37
2022-06-25 02:24:51,83,0,72,25
2022-06-25 02:24:56,84,0,72,54
2022-06-25 02:25:11,85,0,72,5
2022-06-25 02:25:16,83,0,72,15
2022-06-25 02:25:21,82,0,72,64
2022-06-25 02:25:31,83,0,72,13
2022-06-25 02:25:36,84,0,72,52
2022-06-25 02:25:41,84,0,72,67
2022-06-25 02:25:51,85,0,72,7
2022-06-25 02:26:16,86,0,72,18
2022-06-25 02:26:21,84,0,72,72
2022-06-25 02:26:31,85,0,72,97
2022-06-25 02:26:36,86,0,72,42
2022-06-25 02:26:41,85,0,72,42
2022-06-25 02:26:46,84,0,72,38
2022-06-25 02:27:06,84,0,72,24
2022-06-25 02:27:11,84,0,72,80
2022-06-25 02:27:16,84,0,72,25
2022-06-25 02:27:51,83,0,72,52
2022-06-25 02:27:56,83,0,72,47
2022-06-25 02:28:01,83,0,72,36
2022-06-25 02:28:16,83,0,72,11
2022-06-25 02:28:31,84,0,72,53
2022-06-25 02:28:51,86,0,72,9
2022-06-25 02:29:16,84,0,72,15
2022-06-25 02:29:26,85,0,72,11
2022-06-25 02:30:06,91,0,72,30
2022-06-25 02:30:11,93,0,72,96
2022-06-25 02:30:16,92,0,72,17
2022-06-25 02:30:31,92,0,72,25
2022-06-25 02:30:41,90,0,72,9
2022-06-25 02:30:56,90,0,72,28
2022-06-25 02:31:01,89,0,72,25
2022-06-25 02:31:06,90,0,72,18
2022-06-25 02:31:16,88,0,72,41
2022-06-25 02:31:46,85,0,72,9
2022-06-25 02:31:51,85,0,72,23
2022-06-25 02:32:20,84,0,72,26
2022-06-25 02:33:05,87,0,72,27
2022-06-25 02:34:10,80,0,72,0
2022-06-25 02:34:20,81,0,72,0
2022-06-25 02:35:55,84,0,72,27
2022-06-25 02:36:45,87,0,72,8
2022-06-25 02:37:10,86,0,72,4
2022-06-25 02:37:40,86,0,72,12
2022-06-25 02:37:55,84,0,72,68
2022-06-25 02:38:00,85,0,72,8
2022-06-25 02:38:30,87,0,72,13
2022-06-25 02:38:35,88,0,72,48
2022-06-25 02:38:50,88,0,72,10
2022-06-25 02:39:10,84,0,72,9
2022-06-25 02:40:40,91,0,72,7
2022-06-25 02:41:40,99,0,72,0
2022-06-25 02:41:45,101,0,72,9
2022-06-25 02:42:05,103,0,72,14
2022-06-25 02:42:15,99,0,72,17
2022-06-25 02:42:20,94,0,72,13
2022-06-25 02:42:35,97,0,72,9
2022-06-25 02:42:45,94,0,72,22
2022-06-25 02:43:25,91,0,72,57
2022-06-25 02:43:30,92,0,72,15
2022-06-25 02:43:45,92,0,72,7
2022-06-25 02:43:50,93,0,72,11
2022-06-25 02:43:55,94,0,72,7
2022-06-25 02:44:40,91,0,72,4
2022-06-25 02:44:55,93,0,72,6
2022-06-25 02:45:25,92,0,72,5
2022-06-25 02:45:30,90,0,72,27
2022-06-25 02:45:55,91,0,72,19
2022-06-25 02:46:15,92,0,72,32
2022-06-25 02:46:45,92,0,72,49
2022-06-25 02:46:55,93,0,72,36
2022-06-25 02:47:15,93,0,72,33
2022-06-25 02:47:45,94,0,72,4
2022-06-25 02:48:00,93,0,72,25
2022-06-25 02:48:10,93,0,72,65
2022-06-25 02:48:25,93,0,72,97
2022-06-25 02:48:40,91,0,72,50
2022-06-25 02:48:55,91,0,72,38
2022-06-25 02:50:01,94,0,72,57
2022-06-25 02:50:16,93,0,72,44
2022-06-25 02:50:26,92,0,72,28
2022-06-25 02:50:41,94,0,72,9
2022-06-25 02:50:51,95,0,72,26
2022-06-25 02:50:56,94,0,72,70
2022-06-25 02:51:11,92,0,72,65
2022-06-25 02:51:21,93,0,72,63
2022-06-25 02:51:26,92,0,72,96
2022-06-25 02:51:31,91,0,72,74
2022-06-25 02:51:36,90,0,72,24
2022-06-25 02:51:46,91,0,72,53
2022-06-25 02:52:16,91,0,72,51
2022-06-25 02:52:26,90,0,72,85
2022-06-25 02:52:41,90,0,72,70
2022-06-25 02:52:46,91,0,72,54
2022-06-25 02:52:56,89,0,72,28
2022-06-25 02:53:52,89,0,72,19
2022-06-25 02:54:32,91,0,72,8
2022-06-25 02:55:07,92,0,72,21
2022-06-25 02:55:12,91,0,72,10
2022-06-25 02:56:37,96,0,72,0
2022-06-25 02:56:42,98,0,72,0
2022-06-25 02:56:47,97,0,72,0
2022-06-25 02:56:52,94,0,72,38
2022-06-25 02:56:57,93,0,72,17
2022-06-25 02:58:12,92,0,72,14
2022-06-25 02:58:17,93,0,72,8
2022-06-25 02:59:02,93,0,72,10
2022-06-25 02:59:42,94,0,72,15
2022-06-25 03:01:42,96,0,72,7
2022-06-25 03:04:17,95,0,72,22
2022-06-25 03:05:32,88,0,72,14
2022-06-25 03:05:42,87,0,72,19
2022-06-25 03:05:52,82,0,72,18
2022-06-25 03:07:17,88,0,72,11
2022-06-25 03:07:29,84,0,72,17
2022-06-25 03:07:44,83,0,72,10
2022-06-25 03:07:49,82,0,72,5
2022-06-25 03:07:54,81,0,72,7
2022-06-25 03:08:14,81,0,72,12
2022-06-25 03:08:19,82,0,72,7
2022-06-25 03:08:44,88,0,72,6
2022-06-25 03:09:09,87,0,72,31
2022-06-25 03:09:19,75,0,72,0
2022-06-25 03:09:24,68,0,72,7
2022-06-25 03:09:34,70,0,72,7
2022-06-25 03:09:39,72,0,72,0
2022-06-25 03:09:54,71,0,72,0
2022-06-25 03:10:09,77,0,72,0
2022-06-25 03:10:14,79,0,72,22
2022-06-25 03:10:19,82,0,72,4
2022-06-25 03:10:24,83,0,72,8
2022-06-25 03:10:55,87,0,72,20
2022-06-25 03:12:15,87,0,72,4
2022-06-25 03:12:30,87,0,72,14
2022-06-25 03:12:50,86,0,72,14
2022-06-25 03:13:05,86,0,72,11
2022-06-25 03:13:10,83,0,72,6
2022-06-25 03:13:45,82,0,72,10
2022-06-25 03:13:55,81,0,72,4
2022-06-25 03:14:50,78,0,72,0
2022-06-25 03:14:55,78,0,72,15
2022-06-25 03:15:05,79,0,72,12
2022-06-25 03:15:20,80,0,72,18
2022-06-25 03:15:30,81,0,72,17
2022-06-25 03:16:40,85,0,72,20
2022-06-25 03:16:50,84,0,72,8
2022-06-25 03:17:00,86,0,72,13
2022-06-25 03:17:05,87,0,72,24
2022-06-25 03:17:45,86,0,72,6
2022-06-25 03:18:15,85,0,72,10
2022-06-25 03:18:25,84,0,72,11
2022-06-25 03:19:00,84,0,72,5
2022-06-25 03:19:25,79,0,72,10
2022-06-25 03:19:35,80,0,72,7
2022-06-25 03:19:40,83,0,72,20
2022-06-25 03:19:50,84,0,72,14
2022-06-25 03:20:05,84,0,72,4
2022-06-25 03:20:10,85,0,72,4
2022-06-25 03:22:39,81,0,72,5
2022-06-25 03:22:54,83,0,72,5
2022-06-25 03:23:54,83,0,72,28
2022-06-25 03:24:09,83,0,72,27
2022-06-25 03:24:24,83,0,72,9
2022-06-25 03:24:44,88,0,72,5
2022-06-25 03:24:59,86,0,72,22
2022-06-25 03:25:04,85,0,72,16
2022-06-25 03:25:19,85,0,72,35
2022-06-25 03:25:29,85,0,72,13
2022-06-25 03:25:39,87,0,72,22
2022-06-25 03:25:49,85,0,72,25
2022-06-25 03:25:59,84,0,72,19
2022-06-25 03:26:53,86,0,72,10
2022-06-25 03:27:08,85,0,72,27
2022-06-25 03:27:13,84,0,72,13
2022-06-25 03:27:33,82,0,72,34
2022-06-25 03:27:38,81,0,72,20
2022-06-25 03:27:43,82,0,72,14
2022-06-25 03:28:03,87,0,72,37
2022-06-25 03:28:13,89,0,72,89
2022-06-25 03:28:18,90,0,72,104
2022-06-25 03:28:33,90,0,72,115
2022-06-25 03:28:48,91,0,72,102
2022-06-25 03:28:53,92,0,72,90
2022-06-25 03:29:03,91,0,72,73
2022-06-25 03:29:08,90,0,72,29
2022-06-25 03:29:13,89,0,72,63
2022-06-25 03:29:18,88,0,72,92
2022-06-25 03:29:24,87,0,72,56
2022-06-25 03:29:39,87,0,72,84
2022-06-25 03:29:54,87,0,72,5
2022-06-25 03:30:09,83,0,72,17
2022-06-25 03:30:19,85,0,72,45
2022-06-25 03:31:09,81,0,72,8
2022-06-25 03:31:34,80,0,72,10
2022-06-25 03:31:49,81,0,72,24
2022-06-25 03:32:29,85,0,72,6
2022-06-25 03:33:09,80,0,72,4
2022-06-25 03:33:19,82,0,72,40
2022-06-25 03:33:29,81,0,72,47
2022-06-25 03:33:34,80,0,72,1
2022-06-25 03:33:39,79,0,72,48
2022-06-25 03:33:49,80,0,72,12
2022-06-25 03:34:04,80,0,72,39
2022-06-25 03:34:09,79,0,72,0
2022-06-25 03:35:09,82,0,72,6
2022-06-25 03:37:14,83,0,72,4
2022-06-25 03:39:59,80,0,72,34
2022-06-25 03:40:29,82,0,72,17
2022-06-25 03:40:57,81,0,72,18
2022-06-25 03:41:22,83,0,72,16
2022-06-25 03:41:32,82,0,72,13
2022-06-25 03:41:47,80,0,72,6
2022-06-25 03:41:52,79,0,72,7
2022-06-25 03:43:27,76,0,72,0
2022-06-25 03:43:32,75,0,72,16
2022-06-25 03:43:42,75,0,72,57
2022-06-25 03:43:57,75,0,72,61
2022-06-25 03:44:02,76,0,72,41
2022-06-25 03:44:17,76,0,72,9
2022-06-25 03:44:37,78,0,72,6
2022-06-25 03:44:47,77,0,72,10
2022-06-25 03:45:02,77,0,72,20
2022-06-25 03:46:17,75,0,72,24
2022-06-25 03:46:42,78,0,72,55
2022-06-25 03:46:47,79,0,72,28
2022-06-25 03:46:52,78,0,72,17
2022-06-25 03:47:48,80,0,72,8
2022-06-25 03:47:58,82,0,72,16
2022-06-25 03:48:08,84,0,72,6
2022-06-25 03:52:17,89,0,72,8
2022-06-25 03:54:27,88,0,72,8
2022-06-25 03:55:07,79,0,72,14
2022-06-25 03:57:22,88,0,72,28
2022-06-25 03:57:32,89,0,72,17
2022-06-25 03:57:52,90,0,72,23
2022-06-25 04:00:02,87,0,72,29
2022-06-25 04:01:27,85,0,72,39
2022-06-25 04:01:37,84,0,72,51
2022-06-25 04:01:52,84,0,72,30
2022-06-25 04:02:23,82,0,72,38
2022-06-25 04:02:43,83,0,72,29
2022-06-25 04:04:23,86,0,72,27
2022-06-25 04:05:13,85,0,72,17
2022-06-25 04:07:56,74,0,72,0
2022-06-25 04:11:56,81,0,72,6
2022-06-25 04:12:11,81,0,72,10
2022-06-25 04:13:21,79,0,72,11
2022-06-25 04:13:26,80,0,72,19
2022-06-25 04:14:41,86,0,72,62
2022-06-25 04:14:51,89,0,72,9
2022-06-25 04:14:56,91,0,72,20
2022-06-25 04:15:16,89,0,72,27
2022-06-25 04:17:11,76,0,72,10
2022-06-25 04:17:21,76,0,72,11
2022-06-25 04:17:26,77,0,72,1
2022-06-25 04:17:56,77,0,72,15
2022-06-25 04:19:27,76,0,72,7
2022-06-25 04:19:42,79,0,72,31
2022-06-25 04:22:27,83,0,72,12
2022-06-25 04:22:32,83,0,72,55
2022-06-25 04:22:37,84,0,72,39
2022-06-25 04:23:12,84,0,72,23
2022-06-25 04:23:17,85,0,72,30
2022-06-25 04:23:42,86,0,72,35
2022-06-25 04:23:52,88,0,72,16
2022-06-25 04:24:07,88,0,72,26
2022-06-25 04:24:42,90,0,72,4
2022-06-25 04:25:02,91,0,72,15
2022-06-25 04:25:57,86,0,72,65
2022-06-25 04:26:02,87,0,72,79
2022-06-25 04:27:07,82,0,72,9
2022-06-25 04:27:22,81,0,72,39
2022-06-25 04:30:07,86,0,72,31
2022-06-25 04:30:37,87,0,72,16
2022-06-25 04:30:42,84,0,72,43
2022-06-25 04:30:47,79,0,72,17
2022-06-25 04:31:07,79,0,72,34
2022-06-25 04:31:27,82,0,72,21
2022-06-25 04:31:47,86,0,72,25
2022-06-25 04:31:52,83,0,72,2
2022-06-25 04:32:07,83,0,72,21
2022-06-25 04:32:52,81,0,72,16
2022-06-25 04:33:38,82,0,72,26
2022-06-25 04:35:38,78,0,72,4
2022-06-25 04:35:43,79,0,72,2
2022-06-25 04:38:13,82,0,72,8
2022-06-25 04:39:13,90,0,72,6
2022-06-25 04:39:33,90,0,72,7
2022-06-25 04:39:43,88,0,72,29
2022-06-25 04:42:13,98,0,72,7
2022-06-25 04:42:18,100,0,72,0
2022-06-25 04:42:23,102,0,72,0
2022-06-25 04:42:28,103,0,72,0
2022-06-25 04:42:33,105,0,72,0
2022-06-25 04:42:38,107,0,72,0
2022-06-25 04:42:43,104,0,72,0
2022-06-25 04:42:48,106,0,72,0
2022-06-25 04:42:58,111,0,72,8
2022-06-25 04:43:03,110,0,72,0
2022-06-25 04:43:08,109,0,72,4
2022-06-25 04:43:18,108,0,72,0
2022-06-25 04:43:38,101,0,72,0
2022-06-25 04:43:43,103,0,72,10
2022-06-25 04:43:48,104,0,72,16
2022-06-25 04:44:03,100,0,72,7
2022-06-25 04:45:13,94,0,72,10
2022-06-25 04:45:33,105,0,72,11
2022-06-25 04:45:38,108,0,72,50
2022-06-25 04:45:58,90,0,72,25
2022-06-25 04:48:08,87,0,72,6
2022-06-25 04:48:18,85,0,72,24
2022-06-25 04:51:48,95,0,72,13
2022-06-25 04:51:53,98,0,72,10
2022-06-25 04:51:58,96,0,72,10
2022-06-25 04:52:03,94,0,72,5
2022-06-25 04:52:13,95,0,72,8
2022-06-25 04:52:44,90,0,72,30
2022-06-25 04:53:39,86,0,72,7
2022-06-25 04:54:44,86,0,72,41
2022-06-25 04:54:54,85,0,72,49
2022-06-25 04:57:44,95,0,72,10
2022-06-25 04:57:49,91,0,72,9
2022-06-25 05:02:04,95,0,72,25
2022-06-25 05:02:29,97,0,72,23
2022-06-25 05:02:39,96,0,72,20
2022-06-25 05:02:44,93,0,72,18
2022-06-25 05:02:49,92,0,72,34
2022-06-25 05:02:54,91,0,72,31
2022-06-25 05:02:59,89,0,72,4
2022-06-25 05:03:49,88,0,72,18
2022-06-25 05:03:54,87,0,72,7
2022-06-25 05:04:09,87,0,72,11
2022-06-25 05:04:14,87,0,72,42
2022-06-25 05:04:34,85,0,72,15
2022-06-25 05:04:54,86,0,72,21
2022-06-25 05:05:09,86,0,70,9
2022-06-25 05:05:14,85,0,70,9
2022-06-25 05:05:24,84,0,70,9
2022-06-25 05:05:44,83,0,70,9
2022-06-25 05:05:54,82,0,70,9
2022-06-25 05:08:24,87,0,70,9
2022-06-25 05:08:29,89,0,70,9
2022-06-25 05:08:34,90,0,70,9
2022-06-25 05:08:49,88,0,70,9
2022-06-25 05:12:45,80,0,70,9
2022-06-25 05:12:50,81,0,70,9
2022-06-25 05:14:10,91,0,70,9
2022-06-25 05:14:20,92,0,70,9
2022-06-25 05:14:25,95,0,70,9
2022-06-25 05:14:30,96,0,70,9
2022-06-25 05:14:50,93,0,70,9
2022-06-25 05:19:25,94,0,70,9
2022-06-25 05:19:55,99,0,70,9
2022-06-25 05:20:05,100,0,70,9
2022-06-25 05:20:10,101,0,70,9
2022-06-25 05:20:15,102,0,70,9
2022-06-25 05:20:30,98,0,70,9
2022-06-25 05:20:50,97,0,70,9
2022-06-25 05:23:03,78,0,70,9
2022-06-25 05:23:08,75,0,70,9
2022-06-25 05:23:13,74,0,70,9
2022-06-25 05:23:23,76,0,70,9
2022-06-25 05:23:33,77,0,70,9
2022-06-25 05:24:03,79,0,70,9
2022-06-25 05:24:38,73,0,70,9
2022-06-25 05:28:12,72,0,70,9
2022-06-25 05:49:14,71,0,70,9
2022-06-25 06:02:10,70,0,70,9
2022-06-25 06:11:15,104,0,70,9
2022-06-25 10:31:24,106,0,70,9
2022-06-25 10:31:29,107,0,70,9
2022-06-25 10:31:34,105,0,70,9
2022-06-25 10:34:33,103,0,70,9
2022-06-25 12:41:56,69,0,70,9
2022-06-25 13:07:43,68,0,70,9
2022-06-25 13:07:54,67,0,70,9
2022-06-25 13:44:50,66,0,70,9
2022-06-25 13:51:30,65,0,70,9
2022-06-25 14:28:10,61,0,70,9
2022-06-25 14:28:15,60,0,70,9
2022-06-25 14:28:35,59,0,70,9
2022-06-25 14:28:55,63,0,70,9
2022-06-25 14:29:00,64,0,70,9
2022-06-25 14:29:15,62,0,70,9
2022-06-25 14:50:37,58,0,70,9
2022-06-25 14:50:42,57,0,70,9
2022-06-26 17:20:36,56,0,70,9
2022-06-26 17:20:41,55,0,70,9
2022-06-26 17:35:10,54,0,70,9
2022-06-26 18:32:04,53,0,70,9
2022-06-26 18:32:09,52,0,70,9
2022-06-27 00:03:02,110,0,70,9
2022-06-27 00:03:07,111,0,70,9
2022-06-27 00:03:22,113,0,70,9
2022-06-27 00:03:27,109,0,70,9
2022-06-27 00:03:32,108,0,70,9
2022-06-27 00:03:47,114,0,70,9
2022-06-27 00:29:03,112,0,70,9
2022-06-27 00:47:55,116,0,70,9
2022-06-27 00:48:21,117,0,70,9
2022-06-27 01:37:00,115,0,70,9
2022-06-27 01:38:15,119,0,70,9
2022-06-27 01:38:25,118,0,70,9
2022-06-27 08:36:42,120,0,70,9
2022-06-27 08:36:47,124,0,70,9
2022-06-27 08:36:52,125,0,70,9
2022-06-27 08:37:34,126,0,70,9
2022-06-28 00:22:40,70,1,70,9
2022-06-28 00:22:45,72,1,70,9
2022-06-28 00:22:50,77,1,70,9
2022-06-28 00:22:55,79,1,70,9
2022-06-28 00:23:00,81,1,70,9
2022-06-28 00:23:05,83,1,70,9
2022-06-28 00:23:10,84,1,70,9
2022-06-28 00:23:25,85,1,70,9
2022-06-28 00:23:35,86,1,70,9
2022-06-28 00:23:40,87,1,70,9
2022-06-28 00:23:50,90,1,70,9
2022-06-28 00:23:55,91,1,70,9
2022-06-28 00:24:00,94,1,70,9
2022-06-28 00:24:05,97,1,70,9
2022-06-28 00:24:10,99,1,70,9
2022-06-28 00:24:20,100,1,70,9
2022-06-28 00:24:25,101,1,70,9
2022-06-28 00:24:40,98,1,70,9
2022-06-28 00:24:45,95,1,70,9
2022-06-28 00:24:55,92,1,70,9
2022-06-28 00:25:20,93,1,70,9
2022-06-28 00:25:50,88,1,70,9
2022-06-28 00:26:15,96,1,70,9
2022-06-28 00:27:25,82,1,70,9
2022-06-28 00:28:15,89,1,70,9
2022-06-28 00:28:37,106,1,70,9
2022-06-28 00:28:42,109,1,70,9
2022-06-28 00:29:12,108,1,70,9
2022-06-28 00:29:42,110,1,70,9
2022-06-28 00:30:02,105,1,70,9
2022-06-28 00:30:07,104,1,70,9
2022-06-28 00:30:32,103,1,70,9
2022-06-28 00:30:42,102,1,70,9
2022-06-28 00:31:02,107,1,70,9
2022-06-28 00:33:23,111,1,70,9
2022-06-28 00:33:33,112,1,70,9
2022-06-28 00:33:45,114,1,70,9
2022-06-28 00:33:50,113,1,70,9
2022-06-28 00:36:59,115,1,70,9
2022-06-28 00:37:04,118,1,70,9
2022-06-28 00:37:14,116,1,70,9
2022-06-28 00:56:02,119,1,70,9
2022-06-28 00:56:17,117,1,70,9
2022-06-28 00:56:22,120,1,70,9
2022-06-28 01:22:41,121,1,70,9
2022-06-28 01:33:05,80,1,70,9
2022-06-28 01:33:15,76,1,70,9
2022-06-28 01:33:44,71,1,70,9
2022-06-28 01:33:54,75,1,70,9
2022-06-28 01:34:19,78,1,70,9
2022-06-28 02:22:23,73,1,70,9
2022-06-28 02:22:33,74,1,70,9
2022-06-28 03:36:42,69,1,70,9
2022-06-28 06:20:11,68,1,70,9
2022-06-28 06:20:16,67,1,70,9
2022-06-28 06:20:55,64,1,70,9
2022-06-28 06:21:25,65,1,70,9
2022-06-28 07:16:24,123,1,70,9
2022-06-28 07:16:29,126,1,70,9
2022-06-28 07:16:34,128,1,70,9
2022-06-28 07:16:44,130,1,70,9
2022-06-28 07:16:49,131,1,70,9
2022-06-28 07:17:39,132,1,70,9
2022-06-28 07:17:44,133,1,70,9
2022-06-28 07:18:14,134,1,70,9
2022-06-28 07:18:19,135,1,70,9
2022-06-28 07:18:29,129,1,70,9
2022-06-28 07:19:09,136,1,70,9
2022-06-28 07:19:14,137,1,70,9
2022-06-28 07:19:19,138,1,70,9
2022-06-28 07:19:59,139,1,70,9
2022-06-28 07:20:04,141,1,70,9
2022-06-28 07:20:14,143,1,70,9
2022-06-28 07:20:19,144,1,70,9
2022-06-28 07:20:29,142,1,70,9
2022-06-28 07:20:54,140,1,70,9
2022-06-28 07:21:59,124,1,70,9
2022-06-28 07:46:35,122,1,70,9
2022-06-28 07:46:50,127,1,70,9
2022-06-28 07:47:25,125,1,70,9
2022-06-28 16:49:39,66,1,70,9
2022-06-28 18:00:45,63,1,70,9
2022-06-28 18:33:28,62,1,70,9
2022-06-28 18:33:38,61,1,70,9
2022-06-28 18:36:28,60,1,70,9
2022-06-28 18:36:49,59,1,70,9
2022-06-28 18:37:04,58,1,70,9
2022-06-28 18:37:09,57,1,70,9
2022-06-28 18:37:14,56,1,70,9
2022-06-29 22:57:07,55,1,70,9
2022-06-29 23:20:51,54,1,70,9
2022-06-29 23:21:06,53,1,70,9
2022-06-30 00:20:48,122,0,70,9
2022-06-30 00:20:53,127,0,70,9
2022-06-30 00:20:58,123,0,70,9
2022-06-30 00:47:46,128,0,70,9
2022-06-30 00:48:21,121,0,70,9
2022-06-30 08:11:50,129,0,70,9
2022-06-30 08:11:55,130,0,70,9
2022-06-30 08:12:45,131,0,70,9
